timeOpen,timeClose,timeHigh,timeLow,name,open,high,low,close,volume,marketCap,timestamp
2023-12-31T00:00:00.000Z,2023-12-31T23:59:59.999Z,2023-12-31T09:40:00.000Z,2023-12-31T22:55:00.000Z,2781,0.090145555,0.09081604,0.08897053,0.089471564,259196255.2,12746626943,2023-12-31T23:59:59.999Z
2023-12-30T00:00:00.000Z,2023-12-30T23:59:59.999Z,2023-12-30T01:37:00.000Z,2023-12-30T09:46:00.000Z,2781,0.091031022,0.091400881,0.089593421,0.090148226,252403425.5,12841822731,2023-12-30T23:59:59.999Z
2023-12-29T00:00:00.000Z,2023-12-29T23:59:59.999Z,2023-12-29T15:02:00.000Z,2023-12-29T22:23:00.000Z,2781,0.091882873,0.093014395,0.089667245,0.091037909,407349878.3,12967313746,2023-12-29T23:59:59.999Z
2023-12-28T00:00:00.000Z,2023-12-28T23:59:59.999Z,2023-12-28T03:55:00.000Z,2023-12-28T16:05:00.000Z,2781,0.09359493,0.094900568,0.091377265,0.091884454,464569016.3,13086647553,2023-12-28T23:59:59.999Z
2023-12-27T00:00:00.000Z,2023-12-27T23:59:59.999Z,2023-12-27T22:25:00.000Z,2023-12-27T03:34:00.000Z,2781,0.091354016,0.093864098,0.089921086,0.093578526,423259087.7,13326657010,2023-12-27T23:59:59.999Z
2023-12-26T00:00:00.000Z,2023-12-26T23:59:59.999Z,2023-12-26T00:00:00.000Z,2023-12-26T17:43:00.000Z,2781,0.094446771,0.094446771,0.089121576,0.091356452,567640364.7,13008965712,2023-12-26T23:59:59.999Z
2023-12-25T00:00:00.000Z,2023-12-25T23:59:59.999Z,2023-12-25T18:37:00.000Z,2023-12-25T00:46:00.000Z,2781,0.091902837,0.095166554,0.091540329,0.094449052,435910883.7,13448088300,2023-12-25T23:59:59.999Z
2023-12-24T00:00:00.000Z,2023-12-24T23:59:59.999Z,2023-12-24T14:19:00.000Z,2023-12-24T22:52:00.000Z,2781,0.093578846,0.094801936,0.091347772,0.091895153,566323407.3,13083212777,2023-12-24T23:59:59.999Z
2023-12-23T00:00:00.000Z,2023-12-23T23:59:59.999Z,2023-12-23T00:00:00.000Z,2023-12-23T04:07:00.000Z,2781,0.095200354,0.095200354,0.092426698,0.093562417,357245325.6,13319307694,2023-12-23T23:59:59.999Z
2023-12-22T00:00:00.000Z,2023-12-22T23:59:59.999Z,2023-12-22T01:16:00.000Z,2023-12-22T07:46:00.000Z,2781,0.095006899,0.095493516,0.092331324,0.095198468,622353150.1,13550916166,2023-12-22T23:59:59.999Z
2023-12-21T00:00:00.000Z,2023-12-21T23:59:59.999Z,2023-12-21T20:43:00.000Z,2023-12-21T02:10:00.000Z,2781,0.091424175,0.097210577,0.090832311,0.095004233,808685568.6,13521973996,2023-12-21T23:59:59.999Z
2023-12-20T00:00:00.000Z,2023-12-20T23:59:59.999Z,2023-12-20T15:40:00.000Z,2023-12-20T08:40:00.000Z,2781,0.090289972,0.093264615,0.089743682,0.091416842,596172199.1,13010124617,2023-12-20T23:59:59.999Z
2023-12-19T00:00:00.000Z,2023-12-19T23:59:59.999Z,2023-12-19T02:10:00.000Z,2023-12-19T18:02:00.000Z,2781,0.092038059,0.093355203,0.08960668,0.090297288,482452805.1,12849575503,2023-12-19T23:59:59.999Z
2023-12-18T00:00:00.000Z,2023-12-18T23:59:59.999Z,2023-12-18T00:55:00.000Z,2023-12-18T10:35:00.000Z,2781,0.093084162,0.093651192,0.087187034,0.092035504,685264949.5,13095681877,2023-12-18T23:59:59.999Z
2023-12-17T00:00:00.000Z,2023-12-17T23:59:59.999Z,2023-12-17T00:17:00.000Z,2023-12-17T23:34:00.000Z,2781,0.097061752,0.097585225,0.09277516,0.093097256,482463967.9,13245499230,2023-12-17T23:59:59.999Z
2023-12-16T00:00:00.000Z,2023-12-16T23:59:59.999Z,2023-12-16T23:58:00.000Z,2023-12-16T00:40:00.000Z,2781,0.09300374,0.097075849,0.092284622,0.09705586,498585277.5,13807394436,2023-12-16T23:59:59.999Z
2023-12-15T00:00:00.000Z,2023-12-15T23:59:59.999Z,2023-12-15T00:22:00.000Z,2023-12-15T23:31:00.000Z,2781,0.098268526,0.098610516,0.092972709,0.093004233,614056351.2,13229748597,2023-12-15T23:59:59.999Z
2023-12-14T00:00:00.000Z,2023-12-14T23:59:59.999Z,2023-12-14T17:46:00.000Z,2023-12-14T13:36:00.000Z,2781,0.096427076,0.098678917,0.094974885,0.098255018,742258597.9,13975347363,2023-12-14T23:59:59.999Z
2023-12-13T00:00:00.000Z,2023-12-13T23:59:59.999Z,2023-12-13T22:28:00.000Z,2023-12-13T07:02:00.000Z,2781,0.093820386,0.097381751,0.09060472,0.096428428,812811809.8,13714235885,2023-12-13T23:59:59.999Z
2023-12-12T00:00:00.000Z,2023-12-12T23:59:59.999Z,2023-12-12T03:16:00.000Z,2023-12-12T18:01:00.000Z,2781,0.094381701,0.097453138,0.091541531,0.093835485,948285885.6,13344189099,2023-12-12T23:59:59.999Z
2023-12-11T00:00:00.000Z,2023-12-11T23:59:59.999Z,2023-12-11T01:56:00.000Z,2023-12-11T18:32:00.000Z,2781,0.101811545,0.105837431,0.091815333,0.094383987,1973481451,13420919355,2023-12-11T23:59:59.999Z
2023-12-10T00:00:00.000Z,2023-12-10T23:59:59.999Z,2023-12-10T21:10:00.000Z,2023-12-10T10:01:00.000Z,2781,0.098542648,0.102635759,0.097151869,0.101800823,687190078.8,14474189270,2023-12-10T23:59:59.999Z
2023-12-09T00:00:00.000Z,2023-12-09T23:59:59.999Z,2023-12-09T08:01:00.000Z,2023-12-09T23:37:00.000Z,2781,0.101495954,0.104614671,0.098041483,0.098541597,1122491938,14009458511,2023-12-09T23:59:59.999Z
2023-12-08T00:00:00.000Z,2023-12-08T23:59:59.999Z,2023-12-08T21:31:00.000Z,2023-12-08T00:47:00.000Z,2781,0.095914486,0.103405577,0.095824996,0.101470036,1017561991,14424413708,2023-12-08T23:59:59.999Z
2023-12-07T00:00:00.000Z,2023-12-07T23:59:59.999Z,2023-12-07T05:43:00.000Z,2023-12-07T21:02:00.000Z,2781,0.094890575,0.097938921,0.093307663,0.095920206,1229053762,13634175464,2023-12-07T23:59:59.999Z
2023-12-06T00:00:00.000Z,2023-12-06T23:59:59.999Z,2023-12-06T07:17:00.000Z,2023-12-06T00:14:00.000Z,2781,0.09424822,0.105431858,0.093774435,0.094864238,2606846041,13482821403,2023-12-06T23:59:59.999Z
2023-12-05T00:00:00.000Z,2023-12-05T23:59:59.999Z,2023-12-05T19:31:00.000Z,2023-12-05T11:04:00.000Z,2781,0.091920556,0.09505685,0.087720493,0.094246854,1094480332,13393800763,2023-12-05T23:59:59.999Z
2023-12-04T00:00:00.000Z,2023-12-04T23:59:59.999Z,2023-12-04T23:40:00.000Z,2023-12-04T00:25:00.000Z,2781,0.085617036,0.091954208,0.085431473,0.091940197,1364950607,13064788125,2023-12-04T23:59:59.999Z
2023-12-03T00:00:00.000Z,2023-12-03T23:59:59.999Z,2023-12-03T01:25:00.000Z,2023-12-03T15:22:00.000Z,2781,0.086282761,0.087146724,0.083889836,0.085614967,550096320.7,12164812060,2023-12-03T23:59:59.999Z
2023-12-02T00:00:00.000Z,2023-12-02T23:59:59.999Z,2023-12-02T23:40:00.000Z,2023-12-02T15:07:00.000Z,2781,0.08385579,0.086480987,0.083548472,0.086279413,462433972.8,12258058390,2023-12-02T23:59:59.999Z
2023-12-01T00:00:00.000Z,2023-12-01T23:59:59.999Z,2023-12-01T07:05:00.000Z,2023-12-01T01:05:00.000Z,2781,0.083414029,0.084907995,0.082503595,0.08385656,519429438.9,11912714622,2023-12-01T23:59:59.999Z
2023-11-30T00:00:00.000Z,2023-11-30T23:59:59.999Z,2023-11-30T19:55:00.000Z,2023-11-30T00:04:00.000Z,2781,0.080598731,0.084217101,0.080536968,0.083417348,645565938.1,11849212886,2023-11-30T23:59:59.999Z
2023-11-29T00:00:00.000Z,2023-11-29T23:59:59.999Z,2023-11-29T12:49:00.000Z,2023-11-29T10:46:00.000Z,2781,0.081004439,0.082841968,0.079786043,0.080593291,596560786.2,11446973436,2023-11-29T23:59:59.999Z
2023-11-28T00:00:00.000Z,2023-11-28T23:59:59.999Z,2023-11-28T23:58:00.000Z,2023-11-28T06:02:00.000Z,2781,0.078791946,0.081031218,0.077036972,0.081009032,618900677.8,11504931650,2023-11-28T23:59:59.999Z
2023-11-27T00:00:00.000Z,2023-11-27T23:59:59.999Z,2023-11-27T08:14:00.000Z,2023-11-27T20:37:00.000Z,2781,0.078689756,0.081320454,0.077089335,0.078787835,743996999.2,11188404037,2023-11-27T23:59:59.999Z
2023-11-26T00:00:00.000Z,2023-11-26T23:59:59.999Z,2023-11-26T00:26:00.000Z,2023-11-26T16:37:00.000Z,2781,0.078952143,0.078980206,0.076345894,0.078703743,343339847.8,11175392079,2023-11-26T23:59:59.999Z
2023-11-25T00:00:00.000Z,2023-11-25T23:59:59.999Z,2023-11-25T03:46:00.000Z,2023-11-25T11:46:00.000Z,2781,0.078215831,0.079104719,0.077762908,0.07895457,291859035.2,11209939611,2023-11-25T23:59:59.999Z
2023-11-24T00:00:00.000Z,2023-11-24T23:59:59.999Z,2023-11-24T22:34:00.000Z,2023-11-24T00:16:00.000Z,2781,0.076198848,0.078428586,0.076149079,0.078216645,401116993.4,11104111038,2023-11-24T23:59:59.999Z
2023-11-23T00:00:00.000Z,2023-11-23T23:59:59.999Z,2023-11-23T10:16:00.000Z,2023-11-23T15:59:00.000Z,2781,0.07577013,0.076348286,0.075161636,0.076200142,279606814.7,10816818625,2023-11-23T23:59:59.999Z
2023-11-22T00:00:00.000Z,2023-11-22T23:59:59.999Z,2023-11-22T21:33:00.000Z,2023-11-22T00:01:00.000Z,2781,0.072114385,0.076561399,0.071884044,0.075783874,440962821.3,10756709691,2023-11-22T23:59:59.999Z
2023-11-21T00:00:00.000Z,2023-11-21T23:59:59.999Z,2023-11-21T01:51:00.000Z,2023-11-21T22:58:00.000Z,2781,0.077878864,0.078698282,0.071492162,0.072119304,860811107.4,10235599730,2023-11-21T23:59:59.999Z
2023-11-20T00:00:00.000Z,2023-11-20T23:59:59.999Z,2023-11-20T12:23:00.000Z,2023-11-20T23:54:00.000Z,2781,0.080575284,0.082040198,0.077815995,0.077878858,668234221.5,11051975327,2023-11-20T23:59:59.999Z
2023-11-19T00:00:00.000Z,2023-11-19T23:59:59.999Z,2023-11-19T23:58:00.000Z,2023-11-19T15:16:00.000Z,2781,0.080395046,0.080597659,0.077984478,0.080575578,620299419.5,11433604866,2023-11-19T23:59:59.999Z
2023-11-18T00:00:00.000Z,2023-11-18T23:59:59.999Z,2023-11-18T00:13:00.000Z,2023-11-18T14:49:00.000Z,2781,0.086326933,0.086394228,0.079828991,0.080383235,1340580447,11405225591,2023-11-18T23:59:59.999Z
2023-11-17T00:00:00.000Z,2023-11-17T23:59:59.999Z,2023-11-17T10:02:00.000Z,2023-11-17T00:02:00.000Z,2781,0.079326158,0.087060645,0.079323031,0.08630387,2031597493,12244123838,2023-11-17T23:59:59.999Z
2023-11-16T00:00:00.000Z,2023-11-16T23:59:59.999Z,2023-11-16T11:03:00.000Z,2023-11-16T00:13:00.000Z,2781,0.076352905,0.082836603,0.076046759,0.079276776,1563730284,11246080210,2023-11-16T23:59:59.999Z
2023-11-15T00:00:00.000Z,2023-11-15T23:59:59.999Z,2023-11-15T22:50:00.000Z,2023-11-15T00:04:00.000Z,2781,0.072456256,0.076407825,0.072418539,0.076355636,503454120.2,10830667210,2023-11-15T23:59:59.999Z
2023-11-14T00:00:00.000Z,2023-11-14T23:59:59.999Z,2023-11-14T09:13:00.000Z,2023-11-14T18:55:00.000Z,2781,0.074777644,0.075427216,0.070281498,0.072457488,708265058.6,10276752524,2023-11-14T23:59:59.999Z
2023-11-13T00:00:00.000Z,2023-11-13T23:59:59.999Z,2023-11-13T01:31:00.000Z,2023-11-13T21:38:00.000Z,2781,0.077980376,0.079397957,0.074176127,0.074782287,829471612.9,10605479402,2023-11-13T23:59:59.999Z
2023-11-12T00:00:00.000Z,2023-11-12T23:59:59.999Z,2023-11-12T09:52:00.000Z,2023-11-12T00:52:00.000Z,2781,0.078419691,0.07998055,0.076143584,0.077980934,727221576.4,11058064989,2023-11-12T23:59:59.999Z
2023-11-11T00:00:00.000Z,2023-11-11T23:59:59.999Z,2023-11-11T14:52:00.000Z,2023-11-11T04:32:00.000Z,2781,0.07544526,0.081698331,0.074922357,0.078406481,1345253621,11117355842,2023-11-11T23:59:59.999Z
2023-11-10T00:00:00.000Z,2023-11-10T23:59:59.999Z,2023-11-10T23:58:00.000Z,2023-11-10T14:15:00.000Z,2781,0.073465434,0.075453884,0.073155135,0.075444473,649733690.7,10696346548,2023-11-10T23:59:59.999Z
2023-11-09T00:00:00.000Z,2023-11-09T23:59:59.999Z,2023-11-09T15:22:00.000Z,2023-11-09T20:42:00.000Z,2781,0.075473982,0.077735816,0.070557311,0.073460873,964429145.4,10414129675,2023-11-09T23:59:59.999Z
2023-11-08T00:00:00.000Z,2023-11-08T23:59:59.999Z,2023-11-08T17:52:00.000Z,2023-11-08T00:40:00.000Z,2781,0.073516833,0.076681361,0.073027352,0.075481439,531673694.4,10699566882,2023-11-08T23:59:59.999Z
2023-11-07T00:00:00.000Z,2023-11-07T23:59:59.999Z,2023-11-07T00:00:00.000Z,2023-11-07T17:08:00.000Z,2781,0.076388598,0.076388598,0.071897635,0.073518306,789220960.2,10420302085,2023-11-07T23:59:59.999Z
2023-11-06T00:00:00.000Z,2023-11-06T23:59:59.999Z,2023-11-06T23:58:00.000Z,2023-11-06T05:32:00.000Z,2781,0.071223676,0.076386147,0.070621152,0.076381172,707371164,10825049582,2023-11-06T23:59:59.999Z
2023-11-05T00:00:00.000Z,2023-11-05T23:59:59.999Z,2023-11-05T13:05:00.000Z,2023-11-05T00:17:00.000Z,2781,0.069078716,0.071599123,0.068980914,0.071224159,447538899.2,10093220209,2023-11-05T23:59:59.999Z
2023-11-04T00:00:00.000Z,2023-11-04T23:59:59.999Z,2023-11-04T23:34:00.000Z,2023-11-04T00:04:00.000Z,2781,0.068147466,0.069257373,0.068058857,0.069078982,203958701.2,9788286282,2023-11-04T23:59:59.999Z
2023-11-03T00:00:00.000Z,2023-11-03T23:59:59.999Z,2023-11-03T23:17:00.000Z,2023-11-03T01:23:00.000Z,2781,0.067930887,0.06820835,0.066639531,0.06814395,282752934.4,9654869621,2023-11-03T23:59:59.999Z
2023-11-02T00:00:00.000Z,2023-11-02T23:59:59.999Z,2023-11-02T08:58:00.000Z,2023-11-02T16:32:00.000Z,2781,0.068858607,0.070703784,0.067185826,0.067934158,501730942.7,9624229158,2023-11-02T23:59:59.999Z
2023-11-01T00:00:00.000Z,2023-11-01T23:59:59.999Z,2023-11-01T21:07:00.000Z,2023-11-01T16:07:00.000Z,2781,0.068279491,0.069554279,0.06612919,0.06884134,461539028.3,9751816779,2023-11-01T23:59:59.999Z
2023-10-31T00:00:00.000Z,2023-10-31T23:59:59.999Z,2023-10-31T12:19:00.000Z,2023-10-31T15:46:00.000Z,2781,0.069647922,0.070722487,0.066970168,0.068277498,474946795,9671021175,2023-10-31T23:59:59.999Z
2023-10-30T00:00:00.000Z,2023-10-30T23:59:59.999Z,2023-10-30T14:41:00.000Z,2023-10-30T17:21:00.000Z,2781,0.069359038,0.070200375,0.068273988,0.069649566,292736697.7,9864425956,2023-10-30T23:59:59.999Z
2023-10-29T00:00:00.000Z,2023-10-29T23:59:59.999Z,2023-10-29T21:19:00.000Z,2023-10-29T01:26:00.000Z,2781,0.069002042,0.07008414,0.0679104,0.069359163,203013206.9,9822360714,2023-10-29T23:59:59.999Z
2023-10-28T00:00:00.000Z,2023-10-28T23:59:59.999Z,2023-10-28T11:34:00.000Z,2023-10-28T01:42:00.000Z,2781,0.067882468,0.069691383,0.067709973,0.069001207,246982558.3,9770741750,2023-10-28T23:59:59.999Z
2023-10-27T00:00:00.000Z,2023-10-27T23:59:59.999Z,2023-10-27T00:37:00.000Z,2023-10-27T21:22:00.000Z,2781,0.071872489,0.072178551,0.067623866,0.067881027,468362462.4,9611213301,2023-10-27T23:59:59.999Z
2023-10-26T00:00:00.000Z,2023-10-26T23:59:59.999Z,2023-10-26T12:38:00.000Z,2023-10-26T00:50:00.000Z,2781,0.06836445,0.074888392,0.068131836,0.071867173,1010931815,10174638606,2023-10-26T23:59:59.999Z
2023-10-25T00:00:00.000Z,2023-10-25T23:59:59.999Z,2023-10-25T22:49:00.000Z,2023-10-25T08:16:00.000Z,2781,0.066563615,0.069453715,0.065049026,0.068360582,536305756.1,9677280308,2023-10-25T23:59:59.999Z
2023-10-24T00:00:00.000Z,2023-10-24T23:59:59.999Z,2023-10-24T12:49:00.000Z,2023-10-24T15:43:00.000Z,2781,0.067110599,0.069766661,0.065123999,0.066555979,676497484,9420907427,2023-10-24T23:59:59.999Z
2023-10-23T00:00:00.000Z,2023-10-23T23:59:59.999Z,2023-10-23T23:35:00.000Z,2023-10-23T01:06:00.000Z,2781,0.061827956,0.067238051,0.061769387,0.067084516,618990461.2,9494816132,2023-10-23T23:59:59.999Z
2023-10-22T00:00:00.000Z,2023-10-22T23:59:59.999Z,2023-10-22T06:14:00.000Z,2023-10-22T07:46:00.000Z,2781,0.061189075,0.061666658,0.060562611,0.061595609,152154020.1,8717112671,2023-10-22T23:59:59.999Z
2023-10-21T00:00:00.000Z,2023-10-21T23:59:59.999Z,2023-10-21T17:58:00.000Z,2023-10-21T03:16:00.000Z,2781,0.059964592,0.061362693,0.05957135,0.061188426,149488430.7,8658660170,2023-10-21T23:59:59.999Z
2023-10-20T00:00:00.000Z,2023-10-20T23:59:59.999Z,2023-10-20T10:41:00.000Z,2023-10-20T01:17:00.000Z,2781,0.058877516,0.060337162,0.058700438,0.059965344,154146216.1,8484767895,2023-10-20T23:59:59.999Z
2023-10-19T00:00:00.000Z,2023-10-19T23:59:59.999Z,2023-10-19T23:59:00.000Z,2023-10-19T01:47:00.000Z,2781,0.058668461,0.058882641,0.058013457,0.058882641,119806282.2,8330785339,2023-10-19T23:59:59.999Z
2023-10-18T00:00:00.000Z,2023-10-18T23:59:59.999Z,2023-10-18T05:43:00.000Z,2023-10-18T20:55:00.000Z,2781,0.059116011,0.059274423,0.058362354,0.058672532,113718361.8,8300262705,2023-10-18T23:59:59.999Z
2023-10-17T00:00:00.000Z,2023-10-17T23:59:59.999Z,2023-10-17T03:00:00.000Z,2023-10-17T18:55:00.000Z,2781,0.060109845,0.060156407,0.058801118,0.059120012,154163593.1,8362760123,2023-10-17T23:59:59.999Z
2023-10-16T00:00:00.000Z,2023-10-16T23:59:59.999Z,2023-10-16T13:33:00.000Z,2023-10-16T00:04:00.000Z,2781,0.059357246,0.061225716,0.05935063,0.060114332,255254744.1,8502594324,2023-10-16T23:59:59.999Z
2023-10-15T00:00:00.000Z,2023-10-15T23:59:59.999Z,2023-10-15T00:00:00.000Z,2023-10-15T13:56:00.000Z,2781,0.05986009,0.05986009,0.059125496,0.059349638,105304367.9,8393637426,2023-10-15T23:59:59.999Z
2023-10-14T00:00:00.000Z,2023-10-14T23:59:59.999Z,2023-10-14T23:27:00.000Z,2023-10-14T00:00:00.000Z,2781,0.05839995,0.059929709,0.05839995,0.05985901,112567929.7,8464873046,2023-10-14T23:59:59.999Z
2023-10-13T00:00:00.000Z,2023-10-13T23:59:59.999Z,2023-10-13T21:05:00.000Z,2023-10-13T06:37:00.000Z,2781,0.057896752,0.058755721,0.057823537,0.058398036,139290300.3,8257480913,2023-10-13T23:59:59.999Z
2023-10-12T00:00:00.000Z,2023-10-12T23:59:59.999Z,2023-10-12T00:01:00.000Z,2023-10-12T17:10:00.000Z,2781,0.058470296,0.058495165,0.057466245,0.057897249,116644184.8,8185886227,2023-10-12T23:59:59.999Z
2023-10-11T00:00:00.000Z,2023-10-11T23:59:59.999Z,2023-10-11T00:59:00.000Z,2023-10-11T16:55:00.000Z,2781,0.059041462,0.059453956,0.057812694,0.058470377,146066510.8,8266129993,2023-10-11T23:59:59.999Z
2023-10-10T00:00:00.000Z,2023-10-10T23:59:59.999Z,2023-10-10T07:40:00.000Z,2023-10-10T00:55:00.000Z,2781,0.058778976,0.059204091,0.058607605,0.059024829,123311323.1,8343727163,2023-10-10T23:59:59.999Z
2023-10-09T00:00:00.000Z,2023-10-09T23:59:59.999Z,2023-10-09T01:55:00.000Z,2023-10-09T16:47:00.000Z,2781,0.061009823,0.061029867,0.058260131,0.058779186,241183527.9,8308217333,2023-10-09T23:59:59.999Z
2023-10-08T00:00:00.000Z,2023-10-08T23:59:59.999Z,2023-10-08T04:05:00.000Z,2023-10-08T22:16:00.000Z,2781,0.061456136,0.061611297,0.060876202,0.061008493,92483679.25,8622491737,2023-10-08T23:59:59.999Z
2023-10-07T00:00:00.000Z,2023-10-07T23:59:59.999Z,2023-10-07T04:24:00.000Z,2023-10-07T20:00:00.000Z,2781,0.061425279,0.061668603,0.061129327,0.061454649,97620505.19,8684723444,2023-10-07T23:59:59.999Z
2023-10-06T00:00:00.000Z,2023-10-06T23:59:59.999Z,2023-10-06T21:41:00.000Z,2023-10-06T13:02:00.000Z,2781,0.060919872,0.061554565,0.06082087,0.06142644,109783884.1,8679908977,2023-10-06T23:59:59.999Z
2023-10-05T00:00:00.000Z,2023-10-05T23:59:59.999Z,2023-10-05T00:55:00.000Z,2023-10-05T15:40:00.000Z,2781,0.061486425,0.061607202,0.060839489,0.060923237,114148165.6,8607971849,2023-10-05T23:59:59.999Z
2023-10-04T00:00:00.000Z,2023-10-04T23:59:59.999Z,2023-10-04T23:43:00.000Z,2023-10-04T00:46:00.000Z,2781,0.061389163,0.061561446,0.060458391,0.06148767,141610437.2,8686886153,2023-10-04T23:59:59.999Z
2023-10-03T00:00:00.000Z,2023-10-03T23:59:59.999Z,2023-10-03T06:52:00.000Z,2023-10-03T20:08:00.000Z,2781,0.062054083,0.062269494,0.061227562,0.061385804,156615775.9,8671670292,2023-10-03T23:59:59.999Z
2023-10-02T00:00:00.000Z,2023-10-02T23:59:59.999Z,2023-10-02T08:59:00.000Z,2023-10-02T18:46:00.000Z,2781,0.063189719,0.063960717,0.061626375,0.062060007,275648167.6,8766073877,2023-10-02T23:59:59.999Z
2023-10-01T00:00:00.000Z,2023-10-01T23:59:59.999Z,2023-10-01T23:04:00.000Z,2023-10-01T20:05:00.000Z,2781,0.06214026,0.063519204,0.061896064,0.063193158,162108910.9,8925275654,2023-10-01T23:59:59.999Z
2023-09-30T00:00:00.000Z,2023-09-30T23:59:59.999Z,2023-09-30T19:13:00.000Z,2023-09-30T13:14:00.000Z,2781,0.062179863,0.062505985,0.061799429,0.062141436,124411353.5,8775893558,2023-09-30T23:59:59.999Z
2023-09-29T00:00:00.000Z,2023-09-29T23:59:59.999Z,2023-09-29T23:23:00.000Z,2023-09-29T01:32:00.000Z,2781,0.061485971,0.062310388,0.061384999,0.062177513,141947701.3,8780152296,2023-09-29T23:59:59.999Z
2023-09-28T00:00:00.000Z,2023-09-28T23:59:59.999Z,2023-09-28T16:32:00.000Z,2023-09-28T04:16:00.000Z,2781,0.06049684,0.061661466,0.060406324,0.061484125,137019315,8681408184,2023-09-28T23:59:59.999Z
2023-09-27T00:00:00.000Z,2023-09-27T23:59:59.999Z,2023-09-27T11:55:00.000Z,2023-09-27T18:10:00.000Z,2781,0.06059339,0.061332389,0.060274938,0.060503984,153818653.3,8542199631,2023-09-27T23:59:59.999Z
2023-09-26T00:00:00.000Z,2023-09-26T23:59:59.999Z,2023-09-26T03:46:00.000Z,2023-09-26T21:28:00.000Z,2781,0.060955628,0.061115725,0.059906742,0.060599043,141794233.6,8554803027,2023-09-26T23:59:59.999Z
2023-09-25T00:00:00.000Z,2023-09-25T23:59:59.999Z,2023-09-25T16:22:00.000Z,2023-09-25T11:40:00.000Z,2781,0.060741547,0.061200271,0.060545427,0.060959079,117409470.6,8604806044,2023-09-25T23:59:59.999Z
2023-09-24T00:00:00.000Z,2023-09-24T23:59:59.999Z,2023-09-24T18:08:00.000Z,2023-09-24T23:31:00.000Z,2781,0.061507225,0.061743166,0.060702159,0.060742734,115250326,8573449812,2023-09-24T23:59:59.999Z
2023-09-23T00:00:00.000Z,2023-09-23T23:59:59.999Z,2023-09-23T14:37:00.000Z,2023-09-23T16:09:00.000Z,2781,0.061528171,0.061845903,0.06137848,0.061507079,117222606.8,8680507325,2023-09-23T23:59:59.999Z
2023-09-22T00:00:00.000Z,2023-09-22T23:59:59.999Z,2023-09-22T08:16:00.000Z,2023-09-22T00:31:00.000Z,2781,0.061345434,0.061828803,0.06105389,0.06153124,144488199.9,8683081554,2023-09-22T23:59:59.999Z
2023-09-21T00:00:00.000Z,2023-09-21T23:59:59.999Z,2023-09-21T04:32:00.000Z,2023-09-21T21:39:00.000Z,2781,0.062628549,0.063306585,0.061282237,0.061346334,518556615.1,8656168156,2023-09-21T23:59:59.999Z
2023-09-20T00:00:00.000Z,2023-09-20T23:59:59.999Z,2023-09-20T02:04:00.000Z,2023-09-20T19:22:00.000Z,2781,0.062709141,0.063008745,0.061965333,0.0626296,187443141.9,8836412522,2023-09-20T23:59:59.999Z
2023-09-19T00:00:00.000Z,2023-09-19T23:59:59.999Z,2023-09-19T16:16:00.000Z,2023-09-19T01:05:00.000Z,2781,0.062015844,0.063214696,0.061974485,0.06270913,198507547.6,8846788669,2023-09-19T23:59:59.999Z
2023-09-18T00:00:00.000Z,2023-09-18T23:59:59.999Z,2023-09-18T13:04:00.000Z,2023-09-18T00:40:00.000Z,2781,0.061516849,0.062807957,0.061143831,0.062016031,207651893.2,8748163410,2023-09-18T23:59:59.999Z
2023-09-17T00:00:00.000Z,2023-09-17T23:59:59.999Z,2023-09-17T07:01:00.000Z,2023-09-17T20:59:00.000Z,2781,0.062152208,0.062498417,0.061285697,0.061516918,156292597.2,8676940749,2023-09-17T23:59:59.999Z
2023-09-16T00:00:00.000Z,2023-09-16T23:59:59.999Z,2023-09-16T02:24:00.000Z,2023-09-16T19:49:00.000Z,2781,0.062550856,0.062883812,0.061930195,0.062148214,144247521.3,8765148262,2023-09-16T23:59:59.999Z
2023-09-15T00:00:00.000Z,2023-09-15T23:59:59.999Z,2023-09-15T23:10:00.000Z,2023-09-15T14:49:00.000Z,2781,0.062073823,0.062873608,0.061515305,0.062553393,155088363.3,8821453763,2023-09-15T23:59:59.999Z
2023-09-14T00:00:00.000Z,2023-09-14T23:59:59.999Z,2023-09-14T22:35:00.000Z,2023-09-14T06:02:00.000Z,2781,0.06127969,0.062386172,0.061155545,0.062072439,189093769,8752792860,2023-09-14T23:59:59.999Z
2023-09-13T00:00:00.000Z,2023-09-13T23:59:59.999Z,2023-09-13T07:43:00.000Z,2023-09-13T06:11:00.000Z,2781,0.060949854,0.061582913,0.060641063,0.06127992,191695350.4,8640210506,2023-09-13T23:59:59.999Z
2023-09-12T00:00:00.000Z,2023-09-12T23:59:59.999Z,2023-09-12T10:26:00.000Z,2023-09-12T00:28:00.000Z,2781,0.060464206,0.062086184,0.060448458,0.060951147,231017443.6,8593030780,2023-09-12T23:59:59.999Z
2023-09-11T00:00:00.000Z,2023-09-11T23:59:59.999Z,2023-09-11T07:54:00.000Z,2023-09-11T19:40:00.000Z,2781,0.061324045,0.061869209,0.059486158,0.060461989,259096660.1,8523244673,2023-09-11T23:59:59.999Z
2023-09-10T00:00:00.000Z,2023-09-10T23:59:59.999Z,2023-09-10T00:00:00.000Z,2023-09-10T19:43:00.000Z,2781,0.063405172,0.063405172,0.060844501,0.061326842,240746564.8,8644327826,2023-09-10T23:59:59.999Z
2023-09-09T00:00:00.000Z,2023-09-09T23:59:59.999Z,2023-09-09T03:10:00.000Z,2023-09-09T06:00:00.000Z,2781,0.063646994,0.063816702,0.063328348,0.063404667,108500870.2,8936354317,2023-09-09T23:59:59.999Z
2023-09-08T00:00:00.000Z,2023-09-08T23:59:59.999Z,2023-09-08T00:59:00.000Z,2023-09-08T10:19:00.000Z,2781,0.063586399,0.063922144,0.062680281,0.063648978,162864061.9,8969940797,2023-09-08T23:59:59.999Z
2023-09-07T00:00:00.000Z,2023-09-07T23:59:59.999Z,2023-09-07T04:06:00.000Z,2023-09-07T12:54:00.000Z,2781,0.063612353,0.063762972,0.062857118,0.063578729,164667102.1,8959184310,2023-09-07T23:59:59.999Z
2023-09-06T00:00:00.000Z,2023-09-06T23:59:59.999Z,2023-09-06T03:04:00.000Z,2023-09-06T17:07:00.000Z,2781,0.06399731,0.064491316,0.0628253,0.063613011,208287266.6,8963151904,2023-09-06T23:59:59.999Z
2023-09-05T00:00:00.000Z,2023-09-05T23:59:59.999Z,2023-09-05T07:31:00.000Z,2023-09-05T01:26:00.000Z,2781,0.063186151,0.064217384,0.062907661,0.063991503,209934446.2,9015628946,2023-09-05T23:59:59.999Z
2023-09-04T00:00:00.000Z,2023-09-04T23:59:59.999Z,2023-09-04T03:13:00.000Z,2023-09-04T22:02:00.000Z,2781,0.063173479,0.063721533,0.062457163,0.063184705,181249918.5,8901107124,2023-09-04T23:59:59.999Z
2023-09-03T00:00:00.000Z,2023-09-03T23:59:59.999Z,2023-09-03T06:59:00.000Z,2023-09-03T16:55:00.000Z,2781,0.063498838,0.063730613,0.0629277,0.063173427,163140787.5,8898670561,2023-09-03T23:59:59.999Z
2023-09-02T00:00:00.000Z,2023-09-02T23:59:59.999Z,2023-09-02T14:49:00.000Z,2023-09-02T18:31:00.000Z,2781,0.06385479,0.064658245,0.062960767,0.063493657,208019338.6,8942915612,2023-09-02T23:59:59.999Z
2023-09-01T00:00:00.000Z,2023-09-01T23:59:59.999Z,2023-09-01T12:25:00.000Z,2023-09-01T17:31:00.000Z,2781,0.063786554,0.06412963,0.062594783,0.063849218,238777563.2,8992144427,2023-09-01T23:59:59.999Z
2023-08-31T00:00:00.000Z,2023-08-31T23:59:59.999Z,2023-08-31T11:49:00.000Z,2023-08-31T22:13:00.000Z,2781,0.065840521,0.066919756,0.063085018,0.063785236,336593454.3,8982278833,2023-08-31T23:59:59.999Z
2023-08-30T00:00:00.000Z,2023-08-30T23:59:59.999Z,2023-08-30T00:03:00.000Z,2023-08-30T15:07:00.000Z,2781,0.066394219,0.066437529,0.064675418,0.065837999,260654192.2,9270461412,2023-08-30T23:59:59.999Z
2023-08-29T00:00:00.000Z,2023-08-29T23:59:59.999Z,2023-08-29T15:46:00.000Z,2023-08-29T10:40:00.000Z,2781,0.06343438,0.068064659,0.062542138,0.066390032,445903123.1,9347305309,2023-08-29T23:59:59.999Z
2023-08-28T00:00:00.000Z,2023-08-28T23:59:59.999Z,2023-08-28T23:28:00.000Z,2023-08-28T09:53:00.000Z,2781,0.063174179,0.063546966,0.06221074,0.063437964,169636026,8930812221,2023-08-28T23:59:59.999Z
2023-08-27T00:00:00.000Z,2023-08-27T23:59:59.999Z,2023-08-27T07:13:00.000Z,2023-08-27T01:08:00.000Z,2781,0.062867269,0.063531886,0.06275697,0.063171363,141407750.1,8892418318,2023-08-27T23:59:59.999Z
2023-08-26T00:00:00.000Z,2023-08-26T23:59:59.999Z,2023-08-26T07:07:00.000Z,2023-08-26T17:31:00.000Z,2781,0.063084229,0.06328626,0.062722984,0.062867699,127881732.4,8848817611,2023-08-26T23:59:59.999Z
2023-08-25T00:00:00.000Z,2023-08-25T23:59:59.999Z,2023-08-25T23:57:00.000Z,2023-08-25T05:05:00.000Z,2781,0.063038907,0.063094145,0.061897532,0.063084365,202977283.4,8878470593,2023-08-25T23:59:59.999Z
2023-08-24T00:00:00.000Z,2023-08-24T23:59:59.999Z,2023-08-24T05:12:00.000Z,2023-08-24T20:58:00.000Z,2781,0.063779727,0.064005478,0.06222627,0.06303616,210634657,8870844064,2023-08-24T23:59:59.999Z
2023-08-23T00:00:00.000Z,2023-08-23T23:59:59.999Z,2023-08-23T16:26:00.000Z,2023-08-23T00:04:00.000Z,2781,0.062592914,0.064505069,0.06251408,0.063778216,293273520.8,8974413060,2023-08-23T23:59:59.999Z
2023-08-22T00:00:00.000Z,2023-08-22T23:59:59.999Z,2023-08-22T12:46:00.000Z,2023-08-22T21:29:00.000Z,2781,0.06252856,0.063188742,0.061074929,0.062598608,271392247.2,8807578253,2023-08-22T23:59:59.999Z
2023-08-21T00:00:00.000Z,2023-08-21T23:59:59.999Z,2023-08-21T02:01:00.000Z,2023-08-21T15:31:00.000Z,2781,0.063829748,0.063990852,0.061365404,0.062528995,277361289.6,8796948293,2023-08-21T23:59:59.999Z
2023-08-20T00:00:00.000Z,2023-08-20T23:59:59.999Z,2023-08-20T11:19:00.000Z,2023-08-20T16:58:00.000Z,2781,0.063760693,0.06458692,0.063623348,0.063829594,208195391.7,8979071482,2023-08-20T23:59:59.999Z
2023-08-19T00:00:00.000Z,2023-08-19T23:59:59.999Z,2023-08-19T17:00:00.000Z,2023-08-19T00:25:00.000Z,2781,0.063237488,0.064384237,0.063209024,0.063757965,246572116.1,8968128177,2023-08-19T23:59:59.999Z
2023-08-18T00:00:00.000Z,2023-08-18T23:59:59.999Z,2023-08-18T21:30:00.000Z,2023-08-18T03:16:00.000Z,2781,0.061183751,0.063653165,0.060195737,0.063233512,488755202.9,8893503028,2023-08-18T23:59:59.999Z
2023-08-17T00:00:00.000Z,2023-08-17T23:59:59.999Z,2023-08-17T03:40:00.000Z,2023-08-17T21:47:00.000Z,2781,0.067185014,0.068250863,0.058339971,0.061185088,684430324.6,8604589674,2023-08-17T23:59:59.999Z
2023-08-16T00:00:00.000Z,2023-08-16T23:59:59.999Z,2023-08-16T01:52:00.000Z,2023-08-16T21:16:00.000Z,2781,0.070863591,0.071116143,0.066806718,0.067183201,409310897.1,9447213445,2023-08-16T23:59:59.999Z
2023-08-15T00:00:00.000Z,2023-08-15T23:59:59.999Z,2023-08-15T02:26:00.000Z,2023-08-15T19:13:00.000Z,2781,0.07472444,0.074808589,0.070512088,0.070862782,400240141.3,9963681014,2023-08-15T23:59:59.999Z
2023-08-14T00:00:00.000Z,2023-08-14T23:59:59.999Z,2023-08-14T20:07:00.000Z,2023-08-14T18:22:00.000Z,2781,0.074781458,0.076414304,0.073952492,0.074731145,347333619.7,10506581379,2023-08-14T23:59:59.999Z
2023-08-13T00:00:00.000Z,2023-08-13T23:59:59.999Z,2023-08-13T00:58:00.000Z,2023-08-13T22:43:00.000Z,2781,0.076733024,0.076788733,0.074472615,0.0747833,271947903.8,10512917848,2023-08-13T23:59:59.999Z
2023-08-12T00:00:00.000Z,2023-08-12T23:59:59.999Z,2023-08-12T09:58:00.000Z,2023-08-12T00:14:00.000Z,2781,0.075670605,0.077150354,0.075601514,0.076741751,301476613.8,10787195532,2023-08-12T23:59:59.999Z
2023-08-11T00:00:00.000Z,2023-08-11T23:59:59.999Z,2023-08-11T01:00:00.000Z,2023-08-11T16:47:00.000Z,2781,0.075804664,0.075982574,0.075166773,0.075666498,222363416.3,10635033461,2023-08-11T23:59:59.999Z
2023-08-10T00:00:00.000Z,2023-08-10T23:59:59.999Z,2023-08-10T16:40:00.000Z,2023-08-10T12:13:00.000Z,2781,0.075318715,0.076705684,0.075158431,0.07580326,341419517.2,10653242843,2023-08-10T23:59:59.999Z
2023-08-09T00:00:00.000Z,2023-08-09T23:59:59.999Z,2023-08-09T13:25:00.000Z,2023-08-09T21:16:00.000Z,2781,0.074983738,0.076053831,0.074463032,0.075313848,347481441.5,10583448771,2023-08-09T23:59:59.999Z
2023-08-08T00:00:00.000Z,2023-08-08T23:59:59.999Z,2023-08-08T18:28:00.000Z,2023-08-08T02:04:00.000Z,2781,0.073425305,0.075383636,0.073210126,0.074985964,305594303.1,10536374983,2023-08-08T23:59:59.999Z
2023-08-07T00:00:00.000Z,2023-08-07T23:59:59.999Z,2023-08-07T03:29:00.000Z,2023-08-07T16:20:00.000Z,2781,0.074262174,0.075465809,0.072370325,0.073421932,346276669.3,10315611542,2023-08-07T23:59:59.999Z
2023-08-06T00:00:00.000Z,2023-08-06T23:59:59.999Z,2023-08-06T02:19:00.000Z,2023-08-06T23:53:00.000Z,2781,0.075682027,0.076292276,0.074200124,0.07426574,311182996.7,10433167189,2023-08-06T23:59:59.999Z
2023-08-05T00:00:00.000Z,2023-08-05T23:59:59.999Z,2023-08-05T14:52:00.000Z,2023-08-05T01:58:00.000Z,2781,0.07341725,0.076803032,0.072997767,0.075686,443213361,10631685603,2023-08-05T23:59:59.999Z
2023-08-04T00:00:00.000Z,2023-08-04T23:59:59.999Z,2023-08-04T17:14:00.000Z,2023-08-04T20:52:00.000Z,2781,0.073608435,0.074784684,0.072794896,0.073416071,307538917.2,10311841177,2023-08-04T23:59:59.999Z
2023-08-03T00:00:00.000Z,2023-08-03T23:59:59.999Z,2023-08-03T02:04:00.000Z,2023-08-03T08:28:00.000Z,2781,0.074212192,0.074892611,0.07305282,0.073615088,374949368,10338820772,2023-08-03T23:59:59.999Z
2023-08-02T00:00:00.000Z,2023-08-02T23:59:59.999Z,2023-08-02T01:34:00.000Z,2023-08-02T23:43:00.000Z,2781,0.0780383,0.078195251,0.074100338,0.07421327,364508310.7,10421836027,2023-08-02T23:59:59.999Z
2023-08-01T00:00:00.000Z,2023-08-01T23:59:59.999Z,2023-08-01T01:14:00.000Z,2023-08-01T04:25:00.000Z,2781,0.077823508,0.078168364,0.076043466,0.078042016,369078155.6,10958459057,2023-08-01T23:59:59.999Z
2023-07-31T00:00:00.000Z,2023-07-31T23:59:59.999Z,2023-07-31T11:52:00.000Z,2023-07-31T21:04:00.000Z,2781,0.078063369,0.07965554,0.077100206,0.077818318,346973530.7,10925994240,2023-07-31T23:59:59.999Z
2023-07-30T00:00:00.000Z,2023-07-30T23:59:59.999Z,2023-07-30T06:01:00.000Z,2023-07-30T20:04:00.000Z,2781,0.080190322,0.080439427,0.077038989,0.078061439,436209338.5,10959076373,2023-07-30T23:59:59.999Z
2023-07-29T00:00:00.000Z,2023-07-29T23:59:59.999Z,2023-07-29T19:01:00.000Z,2023-07-29T00:05:00.000Z,2781,0.077315107,0.081316018,0.077076903,0.080188391,466582430.8,11256588658,2023-07-29T23:59:59.999Z
2023-07-28T00:00:00.000Z,2023-07-28T23:59:59.999Z,2023-07-28T00:58:00.000Z,2023-07-28T08:12:00.000Z,2781,0.077561805,0.077782167,0.076201302,0.077320566,370256170.8,10852985035,2023-07-28T23:59:59.999Z
2023-07-27T00:00:00.000Z,2023-07-27T23:59:59.999Z,2023-07-27T12:17:00.000Z,2023-07-27T20:37:00.000Z,2781,0.07796399,0.079733426,0.076915749,0.077562113,515430910.6,10885847694,2023-07-27T23:59:59.999Z
2023-07-26T00:00:00.000Z,2023-07-26T23:59:59.999Z,2023-07-26T00:10:00.000Z,2023-07-26T19:20:00.000Z,2781,0.081850692,0.08207972,0.077258868,0.077958147,846709085.1,10940381720,2023-07-26T23:59:59.999Z
2023-07-25T00:00:00.000Z,2023-07-25T23:59:59.999Z,2023-07-25T18:31:00.000Z,2023-07-25T00:11:00.000Z,2781,0.074266265,0.083340705,0.07389023,0.081845273,1525713202,11484778815,2023-07-25T23:59:59.999Z
2023-07-24T00:00:00.000Z,2023-07-24T23:59:59.999Z,2023-07-24T12:13:00.000Z,2023-07-24T04:11:00.000Z,2781,0.071812166,0.077221538,0.070555657,0.074268199,1446707666,10420549996,2023-07-24T23:59:59.999Z
2023-07-23T00:00:00.000Z,2023-07-23T23:59:59.999Z,2023-07-23T19:13:00.000Z,2023-07-23T00:53:00.000Z,2781,0.070435379,0.072803919,0.070219593,0.071819118,287153173.1,10075943268,2023-07-23T23:59:59.999Z
2023-07-22T00:00:00.000Z,2023-07-22T23:59:59.999Z,2023-07-22T00:00:00.000Z,2023-07-22T23:34:00.000Z,2781,0.073294612,0.073294612,0.07008057,0.07043316,353000260.8,9880541557,2023-07-22T23:59:59.999Z
2023-07-21T00:00:00.000Z,2023-07-21T23:59:59.999Z,2023-07-21T13:23:00.000Z,2023-07-21T00:40:00.000Z,2781,0.070525796,0.076390992,0.0704067,0.073295323,762216251.4,10281054794,2023-07-21T23:59:59.999Z
2023-07-20T00:00:00.000Z,2023-07-20T23:59:59.999Z,2023-07-20T15:31:00.000Z,2023-07-20T09:05:00.000Z,2781,0.070147993,0.071022351,0.068486791,0.07051607,574227831.8,9890263587,2023-07-20T23:59:59.999Z
2023-07-19T00:00:00.000Z,2023-07-19T23:59:59.999Z,2023-07-19T16:01:00.000Z,2023-07-19T09:05:00.000Z,2781,0.068588568,0.071211938,0.068486791,0.070159369,418313610.5,9839280174,2023-07-19T23:59:59.999Z
2023-07-18T00:00:00.000Z,2023-07-18T23:59:59.999Z,2023-07-18T02:08:00.000Z,2023-07-18T17:31:00.000Z,2781,0.069900781,0.070256689,0.067742647,0.068583479,284882933.4,9617348518,2023-07-18T23:59:59.999Z
2023-07-17T00:00:00.000Z,2023-07-17T23:59:59.999Z,2023-07-17T05:49:00.000Z,2023-07-17T18:52:00.000Z,2781,0.069558463,0.072752349,0.068254536,0.06990494,464403123,9801725061,2023-07-17T23:59:59.999Z
2023-07-16T00:00:00.000Z,2023-07-16T23:59:59.999Z,2023-07-16T00:17:00.000Z,2023-07-16T20:30:00.000Z,2781,0.071929038,0.072134539,0.069399273,0.069553778,389882289,9751541710,2023-07-16T23:59:59.999Z
2023-07-15T00:00:00.000Z,2023-07-15T23:59:59.999Z,2023-07-15T10:47:00.000Z,2023-07-15T00:37:00.000Z,2781,0.068524068,0.074707652,0.067974583,0.071926662,883881436.6,10083248890,2023-07-15T23:59:59.999Z
2023-07-14T00:00:00.000Z,2023-07-14T23:59:59.999Z,2023-07-14T15:55:00.000Z,2023-07-14T18:47:00.000Z,2781,0.07049908,0.072731267,0.067197921,0.068529349,632033705,9606064232,2023-07-14T23:59:59.999Z
2023-07-13T00:00:00.000Z,2023-07-13T23:59:59.999Z,2023-07-13T20:24:00.000Z,2023-07-13T04:13:00.000Z,2781,0.065072788,0.071266541,0.064674787,0.070506552,625261655.2,9882281311,2023-07-13T23:59:59.999Z
2023-07-12T00:00:00.000Z,2023-07-12T23:59:59.999Z,2023-07-12T07:54:00.000Z,2023-07-12T19:38:00.000Z,2781,0.065287911,0.065569908,0.063999788,0.065070682,164499091.4,9119501667,2023-07-12T23:59:59.999Z
2023-07-11T00:00:00.000Z,2023-07-11T23:59:59.999Z,2023-07-11T07:10:00.000Z,2023-07-11T18:40:00.000Z,2781,0.065247076,0.065454845,0.064518907,0.065287474,151465119.7,9149006388,2023-07-11T23:59:59.999Z
2023-07-10T00:00:00.000Z,2023-07-10T23:59:59.999Z,2023-07-10T20:08:00.000Z,2023-07-10T00:19:00.000Z,2781,0.065437484,0.066032101,0.064008595,0.065242799,258321414.5,9141860567,2023-07-10T23:59:59.999Z
2023-07-09T00:00:00.000Z,2023-07-09T23:59:59.999Z,2023-07-09T04:46:00.000Z,2023-07-09T20:37:00.000Z,2781,0.065761923,0.066294013,0.065331962,0.065434946,146485995,9167900896,2023-07-09T23:59:59.999Z
2023-07-08T00:00:00.000Z,2023-07-08T23:59:59.999Z,2023-07-08T22:55:00.000Z,2023-07-08T05:16:00.000Z,2781,0.065421243,0.065957244,0.064970614,0.06576061,148945059.8,9212628568,2023-07-08T23:59:59.999Z
2023-07-07T00:00:00.000Z,2023-07-07T23:59:59.999Z,2023-07-07T14:04:00.000Z,2023-07-07T00:04:00.000Z,2781,0.065030166,0.065797241,0.064553481,0.065425462,202607383.3,9164772904,2023-07-07T23:59:59.999Z
2023-07-06T00:00:00.000Z,2023-07-06T23:59:59.999Z,2023-07-06T09:23:00.000Z,2023-07-06T14:40:00.000Z,2781,0.067024656,0.06847554,0.065005319,0.065025637,281014235,9107917720,2023-07-06T23:59:59.999Z
2023-07-05T00:00:00.000Z,2023-07-05T23:59:59.999Z,2023-07-05T03:55:00.000Z,2023-07-05T15:40:00.000Z,2781,0.06894671,0.069131767,0.065939959,0.067033265,313972995.8,9388214906,2023-07-05T23:59:59.999Z
2023-07-04T00:00:00.000Z,2023-07-04T23:59:59.999Z,2023-07-04T17:01:00.000Z,2023-07-04T09:07:00.000Z,2781,0.068347156,0.071424306,0.067919836,0.068940672,493149432.1,9654428030,2023-07-04T23:59:59.999Z
2023-07-03T00:00:00.000Z,2023-07-03T23:59:59.999Z,2023-07-03T19:42:00.000Z,2023-07-03T14:03:00.000Z,2781,0.068042293,0.068694688,0.067459004,0.068353124,265466622.1,9571213660,2023-07-03T23:59:59.999Z
2023-07-02T00:00:00.000Z,2023-07-02T23:59:59.999Z,2023-07-02T17:52:00.000Z,2023-07-02T15:26:00.000Z,2781,0.068478792,0.068907736,0.066719839,0.068037555,374040291.4,9526111340,2023-07-02T23:59:59.999Z
2023-07-01T00:00:00.000Z,2023-07-01T23:59:59.999Z,2023-07-01T01:22:00.000Z,2023-07-01T00:01:00.000Z,2781,0.066481047,0.070789337,0.066468372,0.068478359,635045705.7,9586915200,2023-07-01T23:59:59.999Z
2023-06-30T00:00:00.000Z,2023-06-30T23:59:59.999Z,2023-06-30T23:01:00.000Z,2023-06-30T13:49:00.000Z,2781,0.063402057,0.066711602,0.062643223,0.066478566,489091093.3,9306051700,2023-06-30T23:59:59.999Z
2023-06-29T00:00:00.000Z,2023-06-29T23:59:59.999Z,2023-06-29T12:19:00.000Z,2023-06-29T03:05:00.000Z,2781,0.062594087,0.064028091,0.062550758,0.063407045,192396033.4,8875216973,2023-06-29T23:59:59.999Z
2023-06-28T00:00:00.000Z,2023-06-28T23:59:59.999Z,2023-06-28T00:01:00.000Z,2023-06-28T20:17:00.000Z,2781,0.065550021,0.065564544,0.061583678,0.062601556,274764095.2,8761626492,2023-06-28T23:59:59.999Z
2023-06-27T00:00:00.000Z,2023-06-27T23:59:59.999Z,2023-06-27T14:10:00.000Z,2023-06-27T00:37:00.000Z,2781,0.06474747,0.065743397,0.064553224,0.065545121,212409649.3,9172711079,2023-06-27T23:59:59.999Z
2023-06-26T00:00:00.000Z,2023-06-26T23:59:59.999Z,2023-06-26T00:10:00.000Z,2023-06-26T22:07:00.000Z,2781,0.066754102,0.066784708,0.063878985,0.064748952,266917426.1,9060406045,2023-06-26T23:59:59.999Z
2023-06-25T00:00:00.000Z,2023-06-25T23:59:59.999Z,2023-06-25T08:38:00.000Z,2023-06-25T01:10:00.000Z,2781,0.066738589,0.06796255,0.066544864,0.066764353,191028869.7,9341519079,2023-06-25T23:59:59.999Z
2023-06-24T00:00:00.000Z,2023-06-24T23:59:59.999Z,2023-06-24T05:59:00.000Z,2023-06-24T16:05:00.000Z,2781,0.068180758,0.068309228,0.065700358,0.066742108,276939972.6,9337502268,2023-06-24T23:59:59.999Z
2023-06-23T00:00:00.000Z,2023-06-23T23:59:59.999Z,2023-06-23T18:13:00.000Z,2023-06-23T14:04:00.000Z,2781,0.06564014,0.069662594,0.065534335,0.068174153,319058220.6,9536935876,2023-06-23T23:59:59.999Z
2023-06-22T00:00:00.000Z,2023-06-22T23:59:59.999Z,2023-06-22T03:26:00.000Z,2023-06-22T23:07:00.000Z,2781,0.065696391,0.069005722,0.065550294,0.065643054,406178282.1,9181988020,2023-06-22T23:59:59.999Z
2023-06-21T00:00:00.000Z,2023-06-21T23:59:59.999Z,2023-06-21T18:32:00.000Z,2023-06-21T00:22:00.000Z,2781,0.063044752,0.066470274,0.062965332,0.065703595,370299721.9,9189566696,2023-06-21T23:59:59.999Z
2023-06-20T00:00:00.000Z,2023-06-20T23:59:59.999Z,2023-06-20T23:56:00.000Z,2023-06-20T14:31:00.000Z,2781,0.062343478,0.063057409,0.060911474,0.063044808,190107976.8,8816852729,2023-06-20T23:59:59.999Z
2023-06-19T00:00:00.000Z,2023-06-19T23:59:59.999Z,2023-06-19T18:16:00.000Z,2023-06-19T16:37:00.000Z,2781,0.062167367,0.062697946,0.061695991,0.062341003,149792820.3,8717585530,2023-06-19T23:59:59.999Z
2023-06-18T00:00:00.000Z,2023-06-18T23:59:59.999Z,2023-06-18T14:35:00.000Z,2023-06-18T00:28:00.000Z,2781,0.062213738,0.063748737,0.061604858,0.062166874,243548821.1,8692397741,2023-06-18T23:59:59.999Z
2023-06-17T00:00:00.000Z,2023-06-17T23:59:59.999Z,2023-06-17T05:46:00.000Z,2023-06-17T03:34:00.000Z,2781,0.062106437,0.062823445,0.061834825,0.062217281,153965122.1,8698602767,2023-06-17T23:59:59.999Z
2023-06-16T00:00:00.000Z,2023-06-16T23:59:59.999Z,2023-06-16T18:28:00.000Z,2023-06-16T14:49:00.000Z,2781,0.061502872,0.062630068,0.060951979,0.062102118,198520116.1,8681662908,2023-06-16T23:59:59.999Z
2023-06-15T00:00:00.000Z,2023-06-15T23:59:59.999Z,2023-06-15T21:17:00.000Z,2023-06-15T06:46:00.000Z,2781,0.060389078,0.06182524,0.059795505,0.061503053,218623834.8,8597074931,2023-06-15T23:59:59.999Z
2023-06-14T00:00:00.000Z,2023-06-14T23:59:59.999Z,2023-06-14T02:02:00.000Z,2023-06-14T21:01:00.000Z,2781,0.061723051,0.062109276,0.058949117,0.06038748,248200811.8,8440321636,2023-06-14T23:59:59.999Z
2023-06-13T00:00:00.000Z,2023-06-13T23:59:59.999Z,2023-06-13T12:36:00.000Z,2023-06-13T15:59:00.000Z,2781,0.06145917,0.062453192,0.060763574,0.061723112,204620564.1,8626155866,2023-06-13T23:59:59.999Z
2023-06-12T00:00:00.000Z,2023-06-12T23:59:59.999Z,2023-06-12T10:44:00.000Z,2023-06-12T03:18:00.000Z,2781,0.061578524,0.061635465,0.060404261,0.061459272,210832319,8588442036,2023-06-12T23:59:59.999Z
2023-06-11T00:00:00.000Z,2023-06-11T23:59:59.999Z,2023-06-11T04:40:00.000Z,2023-06-11T22:46:00.000Z,2781,0.061860778,0.062514834,0.061302787,0.061587377,235910035.5,8605500510,2023-06-11T23:59:59.999Z
2023-06-10T00:00:00.000Z,2023-06-10T23:59:59.999Z,2023-06-10T00:34:00.000Z,2023-06-10T04:31:00.000Z,2781,0.069488962,0.070591247,0.058535943,0.061860274,975736540.8,8642790599,2023-06-10T23:59:59.999Z
2023-06-09T00:00:00.000Z,2023-06-09T23:59:59.999Z,2023-06-09T13:23:00.000Z,2023-06-09T02:41:00.000Z,2781,0.067963225,0.070919793,0.067625639,0.069488593,274101528.8,9707635400,2023-06-09T23:59:59.999Z
2023-06-08T00:00:00.000Z,2023-06-08T23:59:59.999Z,2023-06-08T14:37:00.000Z,2023-06-08T03:35:00.000Z,2781,0.067301631,0.068425895,0.067153864,0.067965581,167825307.7,9493935762,2023-06-08T23:59:59.999Z
2023-06-07T00:00:00.000Z,2023-06-07T23:59:59.999Z,2023-06-07T00:00:00.000Z,2023-06-07T21:59:00.000Z,2781,0.070371035,0.070371035,0.066878037,0.067299583,278793457.3,9399980821,2023-06-07T23:59:59.999Z
2023-06-06T00:00:00.000Z,2023-06-06T23:59:59.999Z,2023-06-06T19:02:00.000Z,2023-06-06T13:22:00.000Z,2781,0.066567814,0.071783744,0.066111522,0.070372797,428926151.7,9828276572,2023-06-06T23:59:59.999Z
2023-06-05T00:00:00.000Z,2023-06-05T23:59:59.999Z,2023-06-05T00:40:00.000Z,2023-06-05T16:07:00.000Z,2781,0.072475288,0.072632306,0.064827723,0.066572598,506101788.4,9296629990,2023-06-05T23:59:59.999Z
2023-06-04T00:00:00.000Z,2023-06-04T23:59:59.999Z,2023-06-04T22:20:00.000Z,2023-06-04T23:58:00.000Z,2781,0.07267185,0.073250254,0.072466333,0.072471363,135558595.4,10119376913,2023-06-04T23:59:59.999Z
2023-06-03T00:00:00.000Z,2023-06-03T23:59:59.999Z,2023-06-03T16:37:00.000Z,2023-06-03T01:46:00.000Z,2781,0.072610471,0.072947153,0.072333902,0.072671096,112049190.2,10146271314,2023-06-03T23:59:59.999Z
2023-06-02T00:00:00.000Z,2023-06-02T23:59:59.999Z,2023-06-02T19:37:00.000Z,2023-06-02T00:40:00.000Z,2781,0.07149027,0.073198407,0.071168373,0.072611703,172034497.9,10136989228,2023-06-02T23:59:59.999Z
2023-06-01T00:00:00.000Z,2023-06-01T23:59:59.999Z,2023-06-01T18:25:00.000Z,2023-06-01T03:07:00.000Z,2781,0.071662076,0.072118823,0.070882223,0.071492271,163467169.5,9979728073,2023-06-01T23:59:59.999Z
2023-05-31T00:00:00.000Z,2023-05-31T23:59:59.999Z,2023-05-31T01:53:00.000Z,2023-05-31T14:29:00.000Z,2781,0.072361934,0.072632886,0.070842216,0.07166043,189603857.7,10002232101,2023-05-31T23:59:59.999Z
2023-05-30T00:00:00.000Z,2023-05-30T23:59:59.999Z,2023-05-30T10:50:00.000Z,2023-05-30T16:19:00.000Z,2781,0.073182892,0.073383088,0.072275096,0.072360993,248138017.6,10099037180,2023-05-30T23:59:59.999Z
2023-05-29T00:00:00.000Z,2023-05-29T23:59:59.999Z,2023-05-29T00:48:00.000Z,2023-05-29T16:25:00.000Z,2781,0.073615661,0.073918855,0.072830711,0.073185088,157791026.2,10213049686,2023-05-29T23:59:59.999Z
2023-05-28T00:00:00.000Z,2023-05-28T23:59:59.999Z,2023-05-28T22:29:00.000Z,2023-05-28T08:26:00.000Z,2781,0.072680952,0.073917331,0.072199156,0.073613231,190660984.8,10271811087,2023-05-28T23:59:59.999Z
2023-05-27T00:00:00.000Z,2023-05-27T23:59:59.999Z,2023-05-27T23:14:00.000Z,2023-05-27T00:28:00.000Z,2781,0.070982136,0.073287415,0.07091492,0.072682758,152865632.1,10140990987,2023-05-27T23:59:59.999Z
2023-05-26T00:00:00.000Z,2023-05-26T23:59:59.999Z,2023-05-26T14:35:00.000Z,2023-05-26T06:04:00.000Z,2781,0.070876777,0.071349515,0.0704425,0.070983689,162190615.4,9902959002,2023-05-26T23:59:59.999Z
2023-05-25T00:00:00.000Z,2023-05-25T23:59:59.999Z,2023-05-25T23:26:00.000Z,2023-05-25T01:29:00.000Z,2781,0.070734017,0.070964784,0.069224482,0.070875322,195452304.4,9886888827,2023-05-25T23:59:59.999Z
2023-05-24T00:00:00.000Z,2023-05-24T23:59:59.999Z,2023-05-24T00:01:00.000Z,2023-05-24T14:08:00.000Z,2781,0.07286722,0.07287619,0.070061821,0.070735192,240278483.3,9866374874,2023-05-24T23:59:59.999Z
2023-05-23T00:00:00.000Z,2023-05-23T23:59:59.999Z,2023-05-23T03:52:00.000Z,2023-05-23T18:29:00.000Z,2781,0.072999619,0.073882062,0.072571581,0.072863607,160114642.8,10162264349,2023-05-23T23:59:59.999Z
2023-05-22T00:00:00.000Z,2023-05-22T23:59:59.999Z,2023-05-22T10:54:00.000Z,2023-05-22T02:02:00.000Z,2781,0.072143871,0.073867677,0.071133107,0.072998217,210015266.3,10180044175,2023-05-22T23:59:59.999Z
2023-05-21T00:00:00.000Z,2023-05-21T23:59:59.999Z,2023-05-21T01:16:00.000Z,2023-05-21T21:40:00.000Z,2781,0.073666321,0.073978518,0.072081721,0.072142185,142232849.3,10059684186,2023-05-21T23:59:59.999Z
2023-05-20T00:00:00.000Z,2023-05-20T23:59:59.999Z,2023-05-20T18:01:00.000Z,2023-05-20T00:58:00.000Z,2781,0.073540331,0.073844307,0.073225399,0.073670296,115557983.2,10271764431,2023-05-20T23:59:59.999Z
2023-05-19T00:00:00.000Z,2023-05-19T23:59:59.999Z,2023-05-19T15:23:00.000Z,2023-05-19T01:29:00.000Z,2781,0.073534708,0.073956394,0.073161517,0.073526694,168839396,10250741456,2023-05-19T23:59:59.999Z
2023-05-18T00:00:00.000Z,2023-05-18T23:59:59.999Z,2023-05-18T00:00:00.000Z,2023-05-18T19:14:00.000Z,2781,0.074902241,0.074902241,0.071909426,0.073546104,308943183.7,10252456021,2023-05-18T23:59:59.999Z
2023-05-17T00:00:00.000Z,2023-05-17T23:59:59.999Z,2023-05-17T19:19:00.000Z,2023-05-17T08:25:00.000Z,2781,0.072730396,0.075307774,0.072465857,0.074911325,327166551.3,10441747743,2023-05-17T23:59:59.999Z
2023-05-16T00:00:00.000Z,2023-05-16T23:59:59.999Z,2023-05-16T21:58:00.000Z,2023-05-16T01:37:00.000Z,2781,0.07204883,0.073138417,0.071181647,0.07272945,191614181.8,10136629695,2023-05-16T23:59:59.999Z
2023-05-15T00:00:00.000Z,2023-05-15T23:59:59.999Z,2023-05-15T02:28:00.000Z,2023-05-15T00:55:00.000Z,2781,0.071981294,0.073441144,0.071197923,0.072046273,225262487.4,10040441778,2023-05-15T23:59:59.999Z
2023-05-14T00:00:00.000Z,2023-05-14T23:59:59.999Z,2023-05-14T15:19:00.000Z,2023-05-14T01:55:00.000Z,2781,0.071777711,0.072581935,0.071422145,0.071986095,136339325.2,10031077804,2023-05-14T23:59:59.999Z
2023-05-13T00:00:00.000Z,2023-05-13T23:59:59.999Z,2023-05-13T00:00:00.000Z,2023-05-13T15:11:00.000Z,2781,0.072460687,0.072460687,0.071473131,0.071777271,150685493.6,10001002468,2023-05-13T23:59:59.999Z
2023-05-12T00:00:00.000Z,2023-05-12T23:59:59.999Z,2023-05-12T10:34:00.000Z,2023-05-12T06:43:00.000Z,2781,0.072076249,0.072566535,0.069724171,0.072458862,365130285.5,10094985738,2023-05-12T23:59:59.999Z
2023-05-11T00:00:00.000Z,2023-05-11T23:59:59.999Z,2023-05-11T00:00:00.000Z,2023-05-11T18:23:00.000Z,2781,0.073233442,0.073233442,0.06956665,0.072084697,325440313.1,10041887465,2023-05-11T23:59:59.999Z
2023-05-10T00:00:00.000Z,2023-05-10T23:59:59.999Z,2023-05-10T13:07:00.000Z,2023-05-10T17:22:00.000Z,2781,0.073142633,0.074607907,0.071320329,0.073225976,344464159.7,10199876636,2023-05-10T23:59:59.999Z
2023-05-09T00:00:00.000Z,2023-05-09T23:59:59.999Z,2023-05-09T13:15:00.000Z,2023-05-09T02:46:00.000Z,2781,0.072472731,0.07330426,0.072288227,0.073138775,249148363.2,10186728748,2023-05-09T23:59:59.999Z
2023-05-08T00:00:00.000Z,2023-05-08T23:59:59.999Z,2023-05-08T01:05:00.000Z,2023-05-08T18:08:00.000Z,2781,0.076696932,0.077107158,0.070946294,0.072472717,459549555,10092980793,2023-05-08T23:59:59.999Z
2023-05-07T00:00:00.000Z,2023-05-07T23:59:59.999Z,2023-05-07T16:16:00.000Z,2023-05-07T23:58:00.000Z,2781,0.076987433,0.077495759,0.07669279,0.076710233,205466114,10682087629,2023-05-07T23:59:59.999Z
2023-05-06T00:00:00.000Z,2023-05-06T23:59:59.999Z,2023-05-06T00:00:00.000Z,2023-05-06T14:10:00.000Z,2781,0.080385417,0.080385417,0.076438917,0.076998455,341154511.4,10721175334,2023-05-06T23:59:59.999Z
2023-05-05T00:00:00.000Z,2023-05-05T23:59:59.999Z,2023-05-05T22:31:00.000Z,2023-05-05T13:04:00.000Z,2781,0.078452183,0.081291772,0.07791031,0.080390184,335482524.3,11192327849,2023-05-05T23:59:59.999Z
2023-05-04T00:00:00.000Z,2023-05-04T23:59:59.999Z,2023-05-04T02:07:00.000Z,2023-05-04T14:19:00.000Z,2781,0.079702851,0.079736142,0.078156231,0.078448968,255462654.9,10920989554,2023-05-04T23:59:59.999Z
2023-05-03T00:00:00.000Z,2023-05-03T23:59:59.999Z,2023-05-03T22:58:00.000Z,2023-05-03T13:07:00.000Z,2781,0.078806079,0.080527099,0.077328185,0.079713305,306950726.2,11095914064,2023-05-03T23:59:59.999Z
2023-05-02T00:00:00.000Z,2023-05-02T23:59:59.999Z,2023-05-02T19:15:00.000Z,2023-05-02T14:07:00.000Z,2781,0.078821969,0.07904489,0.077831526,0.078805674,234651604.2,10968507619,2023-05-02T23:59:59.999Z
2023-05-01T00:00:00.000Z,2023-05-01T23:59:59.999Z,2023-05-01T01:33:00.000Z,2023-05-01T19:22:00.000Z,2781,0.079759587,0.079995873,0.077628359,0.078819678,325694976.6,10969381562,2023-05-01T23:59:59.999Z
2023-04-30T00:00:00.000Z,2023-04-30T23:59:59.999Z,2023-04-30T15:22:00.000Z,2023-04-30T20:13:00.000Z,2781,0.081627149,0.081701318,0.079628256,0.07976933,264245527,11100461916,2023-04-30T23:59:59.999Z
2023-04-29T00:00:00.000Z,2023-04-29T23:59:59.999Z,2023-04-29T21:46:00.000Z,2023-04-29T00:14:00.000Z,2781,0.080365567,0.081845613,0.080302605,0.081630268,268639541.1,11358325019,2023-04-29T23:59:59.999Z
2023-04-28T00:00:00.000Z,2023-04-28T23:59:59.999Z,2023-04-28T07:17:00.000Z,2023-04-28T13:55:00.000Z,2781,0.080193376,0.080575839,0.079422806,0.080364357,258987983,11181092743,2023-04-28T23:59:59.999Z
2023-04-27T00:00:00.000Z,2023-04-27T23:59:59.999Z,2023-04-27T18:46:00.000Z,2023-04-27T00:08:00.000Z,2781,0.078637616,0.080950106,0.078527489,0.080190447,435944108.6,11155808407,2023-04-27T23:59:59.999Z
2023-04-26T00:00:00.000Z,2023-04-26T23:59:59.999Z,2023-04-26T13:04:00.000Z,2023-04-26T20:04:00.000Z,2781,0.079848477,0.083371596,0.076151448,0.078623041,722718206.8,10936691975,2023-04-26T23:59:59.999Z
2023-04-25T00:00:00.000Z,2023-04-25T23:59:59.999Z,2023-04-25T23:38:00.000Z,2023-04-25T17:25:00.000Z,2781,0.078782541,0.079926236,0.07775611,0.079847418,343833135.5,11105927575,2023-04-25T23:59:59.999Z
2023-04-24T00:00:00.000Z,2023-04-24T23:59:59.999Z,2023-04-24T01:20:00.000Z,2023-04-24T17:04:00.000Z,2781,0.078818654,0.07997251,0.077568798,0.078783611,392854009.1,10956884703,2023-04-24T23:59:59.999Z
2023-04-23T00:00:00.000Z,2023-04-23T23:59:59.999Z,2023-04-23T07:55:00.000Z,2023-04-23T18:53:00.000Z,2781,0.080380474,0.080628357,0.077437335,0.078819705,365182427.8,10960839719,2023-04-23T23:59:59.999Z
2023-04-22T00:00:00.000Z,2023-04-22T23:59:59.999Z,2023-04-22T16:19:00.000Z,2023-04-22T00:55:00.000Z,2781,0.078481894,0.080919173,0.078313064,0.080374843,396888463.5,11176029136,2023-04-22T23:59:59.999Z
2023-04-21T00:00:00.000Z,2023-04-21T23:59:59.999Z,2023-04-21T08:04:00.000Z,2023-04-21T21:01:00.000Z,2781,0.083934284,0.08462903,0.077517024,0.078479157,853137910.3,10911369756,2023-04-21T23:59:59.999Z
2023-04-20T00:00:00.000Z,2023-04-20T23:59:59.999Z,2023-04-20T13:22:00.000Z,2023-04-20T19:16:00.000Z,2781,0.087857354,0.092971901,0.082997976,0.083936736,1950918834,11669039185,2023-04-20T23:59:59.999Z
2023-04-19T00:00:00.000Z,2023-04-19T23:59:59.999Z,2023-04-19T00:01:00.000Z,2023-04-19T23:26:00.000Z,2781,0.09398801,0.094021385,0.08684906,0.08786779,1277738666,12214345593,2023-04-19T23:59:59.999Z
2023-04-18T00:00:00.000Z,2023-04-18T23:59:59.999Z,2023-04-18T15:47:00.000Z,2023-04-18T01:43:00.000Z,2781,0.091458253,0.094494945,0.090085715,0.093988601,839983343.5,13063917997,2023-04-18T23:59:59.999Z
2023-04-17T00:00:00.000Z,2023-04-17T23:59:59.999Z,2023-04-17T11:13:00.000Z,2023-04-17T01:02:00.000Z,2781,0.090481718,0.094595127,0.088576972,0.091449303,1360494890,12709739903,2023-04-17T23:59:59.999Z
2023-04-16T00:00:00.000Z,2023-04-16T23:59:59.999Z,2023-04-16T20:58:00.000Z,2023-04-16T01:17:00.000Z,2781,0.088968366,0.091515028,0.08823143,0.090472267,594760862.4,12572717972,2023-04-16T23:59:59.999Z
2023-04-15T00:00:00.000Z,2023-04-15T23:59:59.999Z,2023-04-15T11:13:00.000Z,2023-04-15T01:31:00.000Z,2781,0.088785179,0.090447023,0.08765343,0.088974324,463978095.3,12363343259,2023-04-15T23:59:59.999Z
2023-04-14T00:00:00.000Z,2023-04-14T23:59:59.999Z,2023-04-14T06:34:00.000Z,2023-04-14T16:01:00.000Z,2781,0.087485358,0.091115981,0.085879067,0.08878476,1007326042,12335793357,2023-04-14T23:59:59.999Z
2023-04-13T00:00:00.000Z,2023-04-13T23:59:59.999Z,2023-04-13T10:32:00.000Z,2023-04-13T07:06:00.000Z,2781,0.083428115,0.088381095,0.083020305,0.087484038,810485328.5,12153884078,2023-04-13T23:59:59.999Z
2023-04-12T00:00:00.000Z,2023-04-12T23:59:59.999Z,2023-04-12T00:26:00.000Z,2023-04-12T04:14:00.000Z,2781,0.084236989,0.084429053,0.081319226,0.083433398,540510658.3,11590290297,2023-04-12T23:59:59.999Z
2023-04-11T00:00:00.000Z,2023-04-11T23:59:59.999Z,2023-04-11T07:43:00.000Z,2023-04-11T23:34:00.000Z,2781,0.084850536,0.085710381,0.083898733,0.084236975,472611202.6,11700496196,2023-04-11T23:59:59.999Z
2023-04-10T00:00:00.000Z,2023-04-10T23:59:59.999Z,2023-04-10T23:19:00.000Z,2023-04-10T14:02:00.000Z,2781,0.083297283,0.085272286,0.082470276,0.084851646,473882914,11784713831,2023-04-10T23:59:59.999Z
2023-04-09T00:00:00.000Z,2023-04-09T23:59:59.999Z,2023-04-09T22:10:00.000Z,2023-04-09T10:58:00.000Z,2781,0.081401029,0.083825225,0.081353884,0.083289699,454428407.3,11566660084,2023-04-09T23:59:59.999Z
2023-04-08T00:00:00.000Z,2023-04-08T23:59:59.999Z,2023-04-08T06:01:00.000Z,2023-04-08T22:33:00.000Z,2781,0.082442621,0.083826047,0.081034914,0.081404932,507929908.9,11303822549,2023-04-08T23:59:59.999Z
2023-04-07T00:00:00.000Z,2023-04-07T23:59:59.999Z,2023-04-07T00:59:00.000Z,2023-04-07T12:06:00.000Z,2781,0.085438325,0.086097762,0.081890835,0.082455552,858234170.9,11448591065,2023-04-07T23:59:59.999Z
2023-04-06T00:00:00.000Z,2023-04-06T23:59:59.999Z,2023-04-06T00:01:00.000Z,2023-04-06T23:59:00.000Z,2781,0.092822277,0.092847335,0.085411865,0.085411865,1410995902,11857921068,2023-04-06T23:59:59.999Z
2023-04-05T00:00:00.000Z,2023-04-05T23:59:59.999Z,2023-04-05T11:26:00.000Z,2023-04-05T18:37:00.000Z,2781,0.095167839,0.098938779,0.092084435,0.092816514,1529520651,12884660001,2023-04-05T23:59:59.999Z
2023-04-04T00:00:00.000Z,2023-04-04T23:59:59.999Z,2023-04-04T10:53:00.000Z,2023-04-04T00:58:00.000Z,2781,0.096082962,0.102538057,0.092870851,0.09515934,3096545498,13208604269,2023-04-04T23:59:59.999Z
2023-04-03T00:00:00.000Z,2023-04-03T23:59:59.999Z,2023-04-03T18:58:00.000Z,2023-04-03T01:49:00.000Z,2781,0.079087271,0.102640098,0.076631551,0.096078581,3497240136,13334922678,2023-04-03T23:59:59.999Z
2023-04-02T00:00:00.000Z,2023-04-02T23:59:59.999Z,2023-04-02T02:16:00.000Z,2023-04-02T22:25:00.000Z,2781,0.081859212,0.08527856,0.077848455,0.079089192,929778146.2,10975862483,2023-04-02T23:59:59.999Z
2023-04-01T00:00:00.000Z,2023-04-01T23:59:59.999Z,2023-04-02T02:16:00.000Z,2023-04-01T12:10:00.000Z,2781,0.077024567,0.08527856,0.076143546,0.084050804,933070184.8,11663497828,2023-04-01T23:59:59.999Z
2023-03-31T00:00:00.000Z,2023-03-31T23:59:59.999Z,2023-03-31T23:21:00.000Z,2023-03-31T07:49:00.000Z,2781,0.074259086,0.077721827,0.073807609,0.077034981,378314248.5,10688721915,2023-03-31T23:59:59.999Z
2023-03-30T00:00:00.000Z,2023-03-30T23:59:59.999Z,2023-03-30T02:42:00.000Z,2023-03-30T17:56:00.000Z,2781,0.075641892,0.076640637,0.073684406,0.074244815,372289117.3,10300573896,2023-03-30T23:59:59.999Z
2023-03-29T00:00:00.000Z,2023-03-29T23:59:59.999Z,2023-03-29T08:28:00.000Z,2023-03-29T00:50:00.000Z,2781,0.07382367,0.076733274,0.073642436,0.075627432,423884022.5,10033549236,2023-03-29T23:59:59.999Z
2023-03-28T00:00:00.000Z,2023-03-28T23:59:59.999Z,2023-03-28T20:31:00.000Z,2023-03-28T10:52:00.000Z,2781,0.072898721,0.073924626,0.071936621,0.073823262,276514415,9794188582,2023-03-28T23:59:59.999Z
2023-03-27T00:00:00.000Z,2023-03-27T23:59:59.999Z,2023-03-27T13:19:00.000Z,2023-03-27T15:13:00.000Z,2781,0.074425876,0.075830974,0.071756131,0.072894526,435284209.8,9670972505,2023-03-27T23:59:59.999Z
2023-03-26T00:00:00.000Z,2023-03-26T23:59:59.999Z,2023-03-26T14:01:00.000Z,2023-03-26T20:52:00.000Z,2781,0.074055441,0.075376121,0.073720781,0.074417288,228916506.4,9872998520,2023-03-26T23:59:59.999Z
2023-03-25T00:00:00.000Z,2023-03-25T23:59:59.999Z,2023-03-25T02:31:00.000Z,2023-03-25T20:03:00.000Z,2781,0.074681707,0.075913662,0.072964065,0.074044235,286831067,9823505288,2023-03-25T23:59:59.999Z
2023-03-24T00:00:00.000Z,2023-03-24T23:59:59.999Z,2023-03-24T00:04:00.000Z,2023-03-24T17:53:00.000Z,2781,0.077404027,0.077489888,0.073388395,0.074679878,396748009.4,9907836546,2023-03-24T23:59:59.999Z
2023-03-23T00:00:00.000Z,2023-03-23T23:59:59.999Z,2023-03-23T15:19:00.000Z,2023-03-23T02:02:00.000Z,2781,0.07399572,0.07893354,0.073295146,0.077411754,637122732.8,10270276504,2023-03-23T23:59:59.999Z
2023-03-22T00:00:00.000Z,2023-03-22T23:59:59.999Z,2023-03-22T15:55:00.000Z,2023-03-22T19:55:00.000Z,2781,0.076870228,0.077643139,0.072134479,0.073998907,693511781.1,9817491556,2023-03-22T23:59:59.999Z
2023-03-21T00:00:00.000Z,2023-03-21T23:59:59.999Z,2023-03-21T17:19:00.000Z,2023-03-21T08:26:00.000Z,2781,0.071491168,0.077476579,0.070861686,0.076893565,631254173.9,10201528051,2023-03-21T23:59:59.999Z
2023-03-20T00:00:00.000Z,2023-03-20T23:59:59.999Z,2023-03-20T02:10:00.000Z,2023-03-20T19:31:00.000Z,2781,0.074807424,0.075607635,0.071021773,0.071486728,409238948.1,9484198878,2023-03-20T23:59:59.999Z
2023-03-19T00:00:00.000Z,2023-03-19T23:59:59.999Z,2023-03-19T19:35:00.000Z,2023-03-19T00:00:00.000Z,2781,0.07304096,0.076601747,0.07304096,0.074812842,338882489,9925476913,2023-03-19T23:59:59.999Z
2023-03-18T00:00:00.000Z,2023-03-18T23:59:59.999Z,2023-03-18T02:25:00.000Z,2023-03-18T23:52:00.000Z,2781,0.076510189,0.07876398,0.072946023,0.073049511,517840652.9,9691534500,2023-03-18T23:59:59.999Z
2023-03-17T00:00:00.000Z,2023-03-17T23:59:59.999Z,2023-03-17T23:19:00.000Z,2023-03-17T01:11:00.000Z,2781,0.072731024,0.077296609,0.071813527,0.076508991,485591017.4,10150506287,2023-03-17T23:59:59.999Z
2023-03-16T00:00:00.000Z,2023-03-16T23:59:59.999Z,2023-03-16T23:46:00.000Z,2023-03-16T01:21:00.000Z,2781,0.069877855,0.073476897,0.069254196,0.072718454,326147102.3,9647612830,2023-03-16T23:59:59.999Z
2023-03-15T00:00:00.000Z,2023-03-15T23:59:59.999Z,2023-03-15T05:31:00.000Z,2023-03-15T17:01:00.000Z,2781,0.074804759,0.076057934,0.068141104,0.069866373,528466415.3,9269225080,2023-03-15T23:59:59.999Z
2023-03-14T00:00:00.000Z,2023-03-14T23:59:59.999Z,2023-03-14T14:57:00.000Z,2023-03-14T09:34:00.000Z,2781,0.073035707,0.077639869,0.071777094,0.074787061,652033914.7,9922056499,2023-03-14T23:59:59.999Z
2023-03-13T00:00:00.000Z,2023-03-13T23:59:59.999Z,2023-03-13T15:33:00.000Z,2023-03-13T12:50:00.000Z,2781,0.071000384,0.073726105,0.068513981,0.073040645,537268873.1,9690358173,2023-03-13T23:59:59.999Z
2023-03-12T00:00:00.000Z,2023-03-12T23:59:59.999Z,2023-03-12T22:31:00.000Z,2023-03-12T00:45:00.000Z,2781,0.066581924,0.071249682,0.066068522,0.071001103,375272677.6,9419770532,2023-03-12T23:59:59.999Z
2023-03-11T00:00:00.000Z,2023-03-11T23:59:59.999Z,2023-03-11T01:58:00.000Z,2023-03-11T07:49:00.000Z,2781,0.065832941,0.068196165,0.064447479,0.066594115,449044632.1,8835092065,2023-03-11T23:59:59.999Z
2023-03-10T00:00:00.000Z,2023-03-10T23:59:59.999Z,2023-03-10T06:07:00.000Z,2023-03-10T10:51:00.000Z,2781,0.065995992,0.066071035,0.063022665,0.065833097,475760292.8,8734127334,2023-03-10T23:59:59.999Z
2023-03-09T00:00:00.000Z,2023-03-09T23:59:59.999Z,2023-03-09T14:21:00.000Z,2023-03-09T22:01:00.000Z,2781,0.071131807,0.07220286,0.064628279,0.065987342,523758954.2,8754591056,2023-03-09T23:59:59.999Z
2023-03-08T00:00:00.000Z,2023-03-08T23:59:59.999Z,2023-03-08T00:34:00.000Z,2023-03-08T22:52:00.000Z,2781,0.074047843,0.074235337,0.070766733,0.071129913,321627781.6,9436859932,2023-03-08T23:59:59.999Z
2023-03-07T00:00:00.000Z,2023-03-07T23:59:59.999Z,2023-03-07T02:08:00.000Z,2023-03-07T22:19:00.000Z,2781,0.074804743,0.075829993,0.073030279,0.074047833,309277501.9,9823982587,2023-03-07T23:59:59.999Z
2023-03-06T00:00:00.000Z,2023-03-06T23:59:59.999Z,2023-03-06T19:16:00.000Z,2023-03-06T12:15:00.000Z,2781,0.074790042,0.075060838,0.073551831,0.074804782,274994083.1,9924407557,2023-03-06T23:59:59.999Z
2023-03-05T00:00:00.000Z,2023-03-05T23:59:59.999Z,2023-03-05T01:34:00.000Z,2023-03-05T00:26:00.000Z,2781,0.074564786,0.075917119,0.074415272,0.074794639,215772334.9,9923061954,2023-03-05T23:59:59.999Z
2023-03-04T00:00:00.000Z,2023-03-04T23:59:59.999Z,2023-03-04T01:07:00.000Z,2023-03-04T22:19:00.000Z,2781,0.076777853,0.07715508,0.073099763,0.074556387,267382234.5,9891452842,2023-03-04T23:59:59.999Z
2023-03-03T00:00:00.000Z,2023-03-03T23:59:59.999Z,2023-03-03T00:06:00.000Z,2023-03-03T02:01:00.000Z,2781,0.080525178,0.08057153,0.074235062,0.076776729,564252293,10186027366,2023-03-03T23:59:59.999Z
2023-03-02T00:00:00.000Z,2023-03-02T23:59:59.999Z,2023-03-02T00:24:00.000Z,2023-03-02T14:49:00.000Z,2781,0.081968466,0.082166998,0.079858904,0.080520123,225493749.1,10682666199,2023-03-02T23:59:59.999Z
2023-03-01T00:00:00.000Z,2023-03-01T23:59:59.999Z,2023-03-01T09:01:00.000Z,2023-03-01T00:56:00.000Z,2781,0.080762236,0.082564192,0.080544523,0.081964478,260501051.6,10874289911,2023-03-01T23:59:59.999Z
2023-02-28T00:00:00.000Z,2023-02-28T23:59:59.999Z,2023-02-28T18:49:00.000Z,2023-02-28T21:44:00.000Z,2781,0.081358625,0.082735448,0.080200267,0.080749112,370709699.8,10713046353,2023-02-28T23:59:59.999Z
2023-02-27T00:00:00.000Z,2023-02-27T23:59:59.999Z,2023-02-27T00:00:00.000Z,2023-02-27T18:35:00.000Z,2781,0.082201806,0.082201806,0.080203568,0.081354499,267030812.6,10793363610,2023-02-27T23:59:59.999Z
2023-02-26T00:00:00.000Z,2023-02-26T23:59:59.999Z,2023-02-26T20:43:00.000Z,2023-02-26T00:52:00.000Z,2781,0.080775701,0.082472533,0.080576551,0.082202023,218231641.7,10905805148,2023-02-26T23:59:59.999Z
2023-02-25T00:00:00.000Z,2023-02-25T23:59:59.999Z,2023-02-25T02:11:00.000Z,2023-02-25T21:24:00.000Z,2781,0.080914545,0.081778805,0.079057678,0.08078556,316321963.4,10717881956,2023-02-25T23:59:59.999Z
2023-02-24T00:00:00.000Z,2023-02-24T23:59:59.999Z,2023-02-24T01:20:00.000Z,2023-02-24T22:41:00.000Z,2781,0.084288222,0.084899606,0.079888902,0.080900452,449138535.1,10733124752,2023-02-24T23:59:59.999Z
2023-02-23T00:00:00.000Z,2023-02-23T23:59:59.999Z,2023-02-23T02:55:00.000Z,2023-02-23T22:16:00.000Z,2781,0.085535132,0.086369475,0.083931741,0.084291705,351385340.2,11183044914,2023-02-23T23:59:59.999Z
2023-02-22T00:00:00.000Z,2023-02-22T23:59:59.999Z,2023-02-22T10:04:00.000Z,2023-02-22T08:46:00.000Z,2781,0.085418113,0.087464313,0.08325341,0.085533697,765182581.7,11347820986,2023-02-22T23:59:59.999Z
2023-02-21T00:00:00.000Z,2023-02-21T23:59:59.999Z,2023-02-21T02:40:00.000Z,2023-02-21T22:01:00.000Z,2781,0.088222541,0.088706569,0.084845495,0.08541277,483249307.9,11331777471,2023-02-21T23:59:59.999Z
2023-02-20T00:00:00.000Z,2023-02-20T23:59:59.999Z,2023-02-20T11:53:00.000Z,2023-02-20T01:16:00.000Z,2781,0.086994078,0.088626644,0.085853293,0.088208405,449906814.1,11702676475,2023-02-20T23:59:59.999Z
2023-02-19T00:00:00.000Z,2023-02-19T23:59:59.999Z,2023-02-19T16:28:00.000Z,2023-02-19T20:26:00.000Z,2781,0.088926061,0.089737828,0.086286004,0.086966021,505191211.7,11537848507,2023-02-19T23:59:59.999Z
2023-02-18T00:00:00.000Z,2023-02-18T23:59:59.999Z,2023-02-18T16:46:00.000Z,2023-02-18T11:01:00.000Z,2781,0.087758697,0.089821505,0.086974296,0.08892688,397918582.4,11797997109,2023-02-18T23:59:59.999Z
2023-02-17T00:00:00.000Z,2023-02-17T23:59:59.999Z,2023-02-17T21:32:00.000Z,2023-02-17T00:04:00.000Z,2781,0.085055143,0.08841052,0.084707103,0.0877658,447263733.4,11643955727,2023-02-17T23:59:59.999Z
2023-02-16T00:00:00.000Z,2023-02-16T23:59:59.999Z,2023-02-16T16:46:00.000Z,2023-02-16T23:55:00.000Z,2781,0.08928127,0.091261989,0.084965626,0.085044345,849757696.8,11282898310,2023-02-16T23:59:59.999Z
2023-02-15T00:00:00.000Z,2023-02-15T23:59:59.999Z,2023-02-15T23:56:00.000Z,2023-02-15T02:55:00.000Z,2781,0.083534803,0.08935494,0.082832479,0.089290892,846713153.2,11846290891,2023-02-15T23:59:59.999Z
2023-02-14T00:00:00.000Z,2023-02-14T23:59:59.999Z,2023-02-14T23:37:00.000Z,2023-02-14T09:01:00.000Z,2781,0.082143382,0.083647676,0.081273074,0.083534119,427664093.7,11082535446,2023-02-14T23:59:59.999Z
2023-02-13T00:00:00.000Z,2023-02-13T23:59:59.999Z,2023-02-13T04:31:00.000Z,2023-02-13T17:46:00.000Z,2781,0.082143546,0.086204908,0.079977813,0.082155524,752090969.3,10899636149,2023-02-13T23:59:59.999Z
2023-02-12T00:00:00.000Z,2023-02-12T23:59:59.999Z,2023-02-12T09:31:00.000Z,2023-02-12T04:28:00.000Z,2781,0.082354566,0.085418996,0.081741506,0.082143778,448723136.9,10898077867,2023-02-12T23:59:59.999Z
2023-02-11T00:00:00.000Z,2023-02-11T23:59:59.999Z,2023-02-11T22:43:00.000Z,2023-02-11T00:16:00.000Z,2781,0.081065791,0.082513608,0.080788024,0.082371937,244141278.9,10928347807,2023-02-11T23:59:59.999Z
2023-02-10T00:00:00.000Z,2023-02-10T23:59:59.999Z,2023-02-10T21:02:00.000Z,2023-02-10T23:04:00.000Z,2781,0.081478682,0.082879761,0.080414621,0.081089721,516764146.6,10758235295,2023-02-10T23:59:59.999Z
2023-02-09T00:00:00.000Z,2023-02-09T23:59:59.999Z,2023-02-09T01:25:00.000Z,2023-02-09T22:58:00.000Z,2781,0.090162533,0.090758203,0.080172179,0.081480195,819008026,10810039741,2023-02-09T23:59:59.999Z
2023-02-08T00:00:00.000Z,2023-02-08T23:59:59.999Z,2023-02-08T00:40:00.000Z,2023-02-08T16:35:00.000Z,2781,0.092564487,0.093138402,0.08916855,0.090156146,462925886.6,11961084826,2023-02-08T23:59:59.999Z
2023-02-07T00:00:00.000Z,2023-02-07T23:59:59.999Z,2023-02-07T23:52:00.000Z,2023-02-07T00:02:00.000Z,2781,0.089536944,0.092633685,0.089517547,0.092575689,512569388.7,12282087342,2023-02-07T23:59:59.999Z
2023-02-06T00:00:00.000Z,2023-02-06T23:59:59.999Z,2023-02-06T08:01:00.000Z,2023-02-06T23:34:00.000Z,2781,0.092104044,0.093097265,0.089062437,0.089548581,488311043.6,11880478652,2023-02-06T23:59:59.999Z
2023-02-05T00:00:00.000Z,2023-02-05T23:59:59.999Z,2023-02-05T08:43:00.000Z,2023-02-05T19:29:00.000Z,2781,0.095747328,0.096725973,0.090966411,0.092095222,753364304.5,12218343438,2023-02-05T23:59:59.999Z
2023-02-04T00:00:00.000Z,2023-02-04T23:59:59.999Z,2023-02-04T18:10:00.000Z,2023-02-04T00:19:00.000Z,2781,0.092975487,0.099530394,0.092663065,0.095782182,1071858301,12707495340,2023-02-04T23:59:59.999Z
2023-02-03T00:00:00.000Z,2023-02-03T23:59:59.999Z,2023-02-03T23:49:00.000Z,2023-02-03T02:46:00.000Z,2781,0.090983878,0.093208908,0.090667398,0.092986845,548668917.2,12336635854,2023-02-03T23:59:59.999Z
2023-02-02T00:00:00.000Z,2023-02-02T23:59:59.999Z,2023-02-02T00:55:00.000Z,2023-02-02T23:58:00.000Z,2781,0.094144894,0.095752707,0.090957305,0.09097885,776556390.2,12070233606,2023-02-02T23:59:59.999Z
2023-02-01T00:00:00.000Z,2023-02-01T23:59:59.999Z,2023-02-01T00:04:00.000Z,2023-02-01T18:16:00.000Z,2781,0.096156725,0.09659864,0.08875215,0.094170923,1110308356,12493728323,2023-02-01T23:59:59.999Z
2023-01-31T00:00:00.000Z,2023-01-31T23:59:59.999Z,2023-01-31T20:05:00.000Z,2023-01-31T00:00:00.000Z,2781,0.088329005,0.097334561,0.088329005,0.096167338,1542889216,12758594171,2023-01-31T23:59:59.999Z
2023-01-30T00:00:00.000Z,2023-01-30T23:59:59.999Z,2023-01-30T17:26:00.000Z,2023-01-30T10:05:00.000Z,2781,0.090221302,0.091837389,0.085399015,0.088336925,787132770.5,11719727298,2023-01-30T23:59:59.999Z
2023-01-29T00:00:00.000Z,2023-01-29T23:59:59.999Z,2023-01-29T19:32:00.000Z,2023-01-29T00:21:00.000Z,2781,0.087783448,0.090858661,0.087543726,0.090233307,458157342.4,11971321807,2023-01-29T23:59:59.999Z
2023-01-28T00:00:00.000Z,2023-01-28T23:59:59.999Z,2023-01-28T05:55:00.000Z,2023-01-28T00:00:00.000Z,2781,0.087124228,0.092968961,0.087124228,0.087787943,642333816,11646893474,2023-01-28T23:59:59.999Z
2023-01-27T00:00:00.000Z,2023-01-27T23:59:59.999Z,2023-01-27T21:46:00.000Z,2023-01-27T01:43:00.000Z,2781,0.086365427,0.087745759,0.084524745,0.087123319,400056533.9,11558717347,2023-01-27T23:59:59.999Z
2023-01-26T00:00:00.000Z,2023-01-26T23:59:59.999Z,2023-01-26T06:13:00.000Z,2023-01-26T16:15:00.000Z,2781,0.086568836,0.087358091,0.085549254,0.08637343,424196514.6,11459228982,2023-01-26T23:59:59.999Z
2023-01-25T00:00:00.000Z,2023-01-25T23:59:59.999Z,2023-01-25T22:10:00.000Z,2023-01-25T01:28:00.000Z,2781,0.083965734,0.087880199,0.082446066,0.086593997,542521009.7,11488491728,2023-01-25T23:59:59.999Z
2023-01-24T00:00:00.000Z,2023-01-24T23:59:59.999Z,2023-01-24T04:01:00.000Z,2023-01-24T22:31:00.000Z,2781,0.088577239,0.090591789,0.083659753,0.083950257,559881330.7,11137744759,2023-01-24T23:59:59.999Z
2023-01-23T00:00:00.000Z,2023-01-23T23:59:59.999Z,2023-01-23T03:15:00.000Z,2023-01-23T15:01:00.000Z,2781,0.088309815,0.091149791,0.087326587,0.088605472,661273713.6,11755355649,2023-01-23T23:59:59.999Z
2023-01-22T00:00:00.000Z,2023-01-22T23:59:59.999Z,2023-01-22T17:25:00.000Z,2023-01-22T00:00:00.000Z,2781,0.084771257,0.092892222,0.084771257,0.08830436,794717540.8,11715406938,2023-01-22T23:59:59.999Z
2023-01-21T00:00:00.000Z,2023-01-21T23:59:59.999Z,2023-01-21T10:26:00.000Z,2023-01-21T23:58:00.000Z,2781,0.086408245,0.088706309,0.084761108,0.084764758,716057147.5,11245805170,2023-01-21T23:59:59.999Z
2023-01-20T00:00:00.000Z,2023-01-20T23:59:59.999Z,2023-01-20T23:31:00.000Z,2023-01-20T08:34:00.000Z,2781,0.081649218,0.086760274,0.080766593,0.086402997,444441989.3,11463151612,2023-01-20T23:59:59.999Z
2023-01-19T00:00:00.000Z,2023-01-19T23:59:59.999Z,2023-01-19T20:22:00.000Z,2023-01-19T00:29:00.000Z,2781,0.080171192,0.082051992,0.080131994,0.081660355,337970684,10833941746,2023-01-19T23:59:59.999Z
2023-01-18T00:00:00.000Z,2023-01-18T23:59:59.999Z,2023-01-18T15:31:00.000Z,2023-01-18T23:58:00.000Z,2781,0.082977988,0.089458481,0.080173586,0.080190718,1094371447,10638963800,2023-01-18T23:59:59.999Z
2023-01-17T00:00:00.000Z,2023-01-17T23:59:59.999Z,2023-01-17T14:26:00.000Z,2023-01-17T02:19:00.000Z,2781,0.083652455,0.084720325,0.082756205,0.082981788,366437449.2,11009257200,2023-01-17T23:59:59.999Z
2023-01-16T00:00:00.000Z,2023-01-16T23:59:59.999Z,2023-01-16T02:31:00.000Z,2023-01-16T15:16:00.000Z,2781,0.086127461,0.087903903,0.082308,0.08363596,537067710.1,11096046663,2023-01-16T23:59:59.999Z
2023-01-15T00:00:00.000Z,2023-01-15T23:59:59.999Z,2023-01-15T00:10:00.000Z,2023-01-15T09:13:00.000Z,2781,0.087333922,0.087685908,0.083129706,0.086130974,501123417.7,11427062081,2023-01-15T23:59:59.999Z
2023-01-14T00:00:00.000Z,2023-01-14T23:59:59.999Z,2023-01-14T08:58:00.000Z,2023-01-14T00:04:00.000Z,2781,0.084439362,0.091869954,0.084362275,0.087323485,1101070507,11585273514,2023-01-14T23:59:59.999Z
2023-01-13T00:00:00.000Z,2023-01-13T23:59:59.999Z,2023-01-13T23:13:00.000Z,2023-01-13T13:10:00.000Z,2781,0.080283907,0.084916302,0.079183527,0.084438029,575039277.5,11202457807,2023-01-13T23:59:59.999Z
2023-01-12T00:00:00.000Z,2023-01-12T23:59:59.999Z,2023-01-12T03:13:00.000Z,2023-01-12T14:46:00.000Z,2781,0.078136782,0.08071676,0.076987713,0.080285736,706796193.9,10651569958,2023-01-12T23:59:59.999Z
2023-01-11T00:00:00.000Z,2023-01-11T23:59:59.999Z,2023-01-11T23:37:00.000Z,2023-01-11T16:07:00.000Z,2781,0.077733808,0.07818124,0.075178097,0.078153423,394318759,10368674341,2023-01-11T23:59:59.999Z
2023-01-10T00:00:00.000Z,2023-01-10T23:59:59.999Z,2023-01-10T23:58:00.000Z,2023-01-10T02:43:00.000Z,2781,0.075769491,0.077731352,0.074689883,0.077728555,492952309.1,10312306819,2023-01-10T23:59:59.999Z
2023-01-09T00:00:00.000Z,2023-01-09T23:59:59.999Z,2023-01-09T17:25:00.000Z,2023-01-09T00:25:00.000Z,2781,0.073591696,0.079211445,0.073258171,0.075784332,853703837.2,10054365218,2023-01-09T23:59:59.999Z
2023-01-08T00:00:00.000Z,2023-01-08T23:59:59.999Z,2023-01-08T23:58:00.000Z,2023-01-08T00:49:00.000Z,2781,0.072209536,0.073611827,0.071545804,0.073601153,246133445.1,9764721216,2023-01-08T23:59:59.999Z
2023-01-07T00:00:00.000Z,2023-01-07T23:59:59.999Z,2023-01-07T01:01:00.000Z,2023-01-07T14:10:00.000Z,2781,0.072469288,0.072843871,0.071876485,0.072222309,173703550.8,9581788863,2023-01-07T23:59:59.999Z
2023-01-06T00:00:00.000Z,2023-01-06T23:59:59.999Z,2023-01-06T20:19:00.000Z,2023-01-06T11:07:00.000Z,2781,0.071554647,0.072569763,0.070343946,0.072469624,306914647,9614600394,2023-01-06T23:59:59.999Z
2023-01-05T00:00:00.000Z,2023-01-05T23:59:59.999Z,2023-01-05T06:28:00.000Z,2023-01-05T23:44:00.000Z,2781,0.073232951,0.075026654,0.07140007,0.071549644,424927579.8,9492545948,2023-01-05T23:59:59.999Z
2023-01-04T00:00:00.000Z,2023-01-04T23:59:59.999Z,2023-01-04T23:58:00.000Z,2023-01-04T00:17:00.000Z,2781,0.070467884,0.073249904,0.070309576,0.073236947,343264144.6,9716401773,2023-01-04T23:59:59.999Z
2023-01-03T00:00:00.000Z,2023-01-03T23:59:59.999Z,2023-01-03T06:32:00.000Z,2023-01-03T17:50:00.000Z,2781,0.071456075,0.072196853,0.069774009,0.070468084,283398864.2,9349054553,2023-01-03T23:59:59.999Z
2023-01-02T00:00:00.000Z,2023-01-02T23:59:59.999Z,2023-01-02T15:46:00.000Z,2023-01-02T01:23:00.000Z,2781,0.070224704,0.07247895,0.069358229,0.071453821,405800240.2,9479833048,2023-01-02T23:59:59.999Z
2023-01-01T00:00:00.000Z,2023-01-02T23:59:59.999Z,2023-01-02T15:46:00.000Z,2023-01-02T01:23:00.000Z,2781,0.070224704,0.07247895,0.069358229,0.071453821,405800240.2,9479833048,2023-01-02T23:59:59.999Z
